cve_id,cvss_variance,nvd_score,nvd_cvss_version,github_score,github_cvss_version,assigning_cna,nvd_status,published_date
CVE-2025-47735,6.9,9.8,3.1,2.9,3.1,mitre,Analyzed,2025-05-09
CVE-2025-47737,6.9,9.8,3.1,2.9,3.1,mitre,Analyzed,2025-05-09
CVE-2025-48751,6.9,9.8,3.1,2.9,3.1,mitre,Analyzed,2025-05-24
CVE-2025-48752,6.9,9.8,3.1,2.9,3.1,mitre,Analyzed,2025-05-24
CVE-2025-48756,6.9,9.8,3.1,2.9,3.1,mitre,Analyzed,2025-05-24
CVE-2024-47821,6.8,2.3,3.1,9.1,3.1,github,Analyzed,2024-10-25
CVE-2024-58266,6.6,9.8,3.1,3.2,3.1,mitre,Analyzed,2025-07-27
CVE-2025-53014,6.1,9.8,3.1,3.7,3.1,github,Modified,2025-07-14
CVE-2025-57807,6.0,9.8,3.1,3.8,3.1,github,Modified,2025-09-05
CVE-2024-38369,5.7,4.3,3.1,10.0,3.1,github,Modified,2024-06-24
CVE-2025-1412,5.7,8.8,3.1,3.1,3.1,mattermost,Analyzed,2025-02-24
CVE-2025-46653,5.7,8.8,3.1,3.1,3.1,mitre,Analyzed,2025-04-26
CVE-2024-42447,5.6,9.8,3.1,4.2,3.1,apache,Modified,2024-08-05
CVE-2024-39887,5.5,9.8,3.1,4.3,3.1,apache,Modified,2024-07-16
CVE-2024-42850,5.5,9.8,3.1,4.3,3.1,mitre,Analyzed,2024-08-16
CVE-2026-33529,5.5,8.8,3.1,3.3,3.1,github,Analyzed,2026-03-26
CVE-2025-31116,5.4,9.8,3.1,4.4,3.1,github,Analyzed,2025-03-31
CVE-2024-53861,5.3,7.5,3.1,2.2,3.1,github,Analyzed,2024-11-29
CVE-2025-32021,5.3,7.5,3.1,2.2,3.1,github,Analyzed,2025-04-15
CVE-2025-47241,5.3,4.0,3.1,9.3,3.1,mitre,Deferred,2025-05-03
CVE-2025-54314,5.1,2.8,3.1,7.9,3.1,mitre.org,Deferred,2025-07-20
CVE-2024-5798,4.9,7.5,3.1,2.6,3.1,hashicorp,Modified,2024-06-12
CVE-2024-47825,4.7,8.7,3.1,4.0,3.1,github,Analyzed,2024-10-21
CVE-2023-53159,4.6,9.1,3.1,4.5,3.1,mitre,Analyzed,2025-07-28
CVE-2024-58261,4.6,7.5,3.1,2.9,3.1,mitre,Analyzed,2025-07-27
CVE-2025-48754,4.6,7.5,3.1,2.9,3.1,mitre,Analyzed,2025-05-24
CVE-2024-34107,4.5,9.8,3.1,5.3,3.1,adobe,Modified,2024-06-13
CVE-2024-47819,4.5,8.7,3.1,4.2,3.1,github,Analyzed,2024-10-22
CVE-2025-25274,4.5,8.8,3.1,4.3,3.1,mattermost,Analyzed,2025-03-21
CVE-2026-25983,4.5,9.8,3.1,5.3,3.1,github,Analyzed,2026-02-24
CVE-2026-25986,4.5,9.8,3.1,5.3,3.1,github,Analyzed,2026-02-24
CVE-2024-28103,4.4,9.8,3.1,5.4,3.1,github,Modified,2024-06-04
CVE-2024-45054,4.4,6.7,3.1,2.3,3.1,github,Analyzed,2024-08-28
CVE-2024-45395,4.4,7.5,3.1,3.1,3.1,github,Analyzed,2024-09-04
CVE-2024-47197,4.4,7.5,3.1,3.1,3.1,apache,Modified,2024-09-26
CVE-2024-5657,4.4,8.1,3.1,3.7,3.1,1e3a9e0f-5156-4bf8-b8a3-cc311bfc0f4a,Modified,2024-06-06
CVE-2025-59717,4.4,9.8,3.1,5.4,3.1,mitre,Analyzed,2025-09-19
CVE-2025-67856,4.4,9.8,3.1,5.4,3.1,puiterwijk,Modified,2026-02-03
CVE-2026-25960,4.4,9.8,3.1,5.4,3.1,github,Analyzed,2026-03-09
CVE-2024-49768,4.3,4.8,3.1,9.1,3.1,github,Analyzed,2024-10-29
CVE-2026-34562,4.3,9.0,3.1,4.7,3.1,github,Analyzed,2026-04-01
CVE-2024-40886,4.2,8.8,3.1,4.6,3.1,mattermost,Analyzed,2024-08-22
CVE-2026-22687,4.2,9.8,3.1,5.6,3.1,github,Modified,2026-01-10
CVE-2024-5138,4.1,8.1,3.1,4.0,3.1,ubuntu,Analyzed,2024-05-31
CVE-2024-21539,4.0,7.5,3.1,3.5,3.1,snyk,Deferred,2024-11-19
CVE-2024-45835,4.0,6.5,3.1,2.5,3.1,mattermost,Analyzed,2024-09-16
CVE-2024-38986,3.9,9.8,3.1,5.9,3.1,mitre,Modified,2024-07-30
CVE-2024-39677,3.9,9.8,3.1,5.9,3.1,github,Modified,2024-07-08
CVE-2024-47875,3.9,6.1,3.1,10.0,3.1,github,Modified,2024-10-11
CVE-2026-23492,3.9,4.9,3.1,8.8,3.1,github,Analyzed,2026-01-14
CVE-2026-34768,3.9,7.8,3.1,3.9,3.1,github,Analyzed,2026-04-04
CVE-2023-30464,3.8,7.5,3.1,3.7,3.1,mitre,Analyzed,2024-09-18
CVE-2024-31450,3.8,6.5,3.1,2.7,3.1,github,Analyzed,2024-04-19
CVE-2024-41172,3.8,7.5,3.1,3.7,3.1,apache,Modified,2024-07-19
CVE-2024-41264,3.8,7.5,3.1,3.7,3.1,mitre,Analyzed,2024-08-01
CVE-2024-41270,3.8,9.1,3.1,5.3,3.1,mitre,Analyzed,2024-08-06
CVE-2024-42461,3.8,9.1,3.1,5.3,3.1,mitre,Modified,2024-08-02
CVE-2024-42515,3.8,9.9,3.1,6.1,3.1,mitre,Deferred,2024-10-31
CVE-2024-48949,3.8,9.1,3.1,5.3,3.1,mitre,Modified,2024-10-10
CVE-2025-53019,3.8,7.5,3.1,3.7,3.1,github,Modified,2025-07-14
CVE-2025-55212,3.8,7.5,3.1,3.7,3.1,github,Modified,2025-08-26
CVE-2026-25987,3.8,9.1,3.1,5.3,3.1,github,Analyzed,2026-02-24
CVE-2026-35537,3.8,7.5,3.1,3.7,3.1,mitre,Analyzed,2026-04-03
CVE-2024-25737,3.7,5.4,3.1,9.1,3.1,mitre,Deferred,2024-05-22
CVE-2024-41178,3.7,7.5,3.1,3.8,3.1,apache,Analyzed,2024-07-23
CVE-2024-41947,3.7,5.4,3.1,9.1,3.1,github,Analyzed,2024-07-31
CVE-2024-43400,3.7,5.4,3.1,9.1,3.1,github,Analyzed,2024-08-19
CVE-2024-45595,3.7,9.8,3.1,6.1,3.1,github,Analyzed,2024-09-10
CVE-2024-45856,3.7,5.4,3.1,9.1,3.1,6f8de1f0-f67e-45a6-b68f-98777fdb759c,Analyzed,2024-09-12
CVE-2025-46326,3.7,7.0,3.1,3.3,3.1,github,Analyzed,2025-04-28
CVE-2025-46327,3.7,7.0,3.1,3.3,3.1,github,Analyzed,2025-04-28
CVE-2025-46328,3.7,7.0,3.1,3.3,3.1,github,Analyzed,2025-04-28
CVE-2025-47933,3.7,5.4,3.1,9.1,3.1,github,Analyzed,2025-05-29
CVE-2025-48207,3.7,8.6,3.1,4.9,3.1,mitre,Deferred,2025-05-21
CVE-2026-23493,3.7,4.9,3.1,8.6,3.1,github,Analyzed,2026-01-15
CVE-2026-24838,3.7,5.4,3.1,9.1,3.1,github,Analyzed,2026-01-28
CVE-2026-27822,3.7,5.4,3.1,9.1,3.1,github,Analyzed,2026-02-25
CVE-2026-34561,3.7,8.4,3.1,4.7,3.1,github,Analyzed,2026-04-01
CVE-2024-34716,3.6,6.1,3.1,9.7,3.1,github,Analyzed,2024-05-14
CVE-2024-35225,3.6,6.1,3.1,9.7,3.1,github,Analyzed,2024-06-11
CVE-2024-40637,3.6,7.8,3.1,4.2,3.1,github,Modified,2024-07-16
CVE-2024-46488,3.6,5.5,3.1,9.1,3.1,mitre,Analyzed,2024-09-25
CVE-2024-55228,3.6,9.0,3.1,5.4,3.1,mitre,Modified,2025-01-27
CVE-2024-8980,3.6,6.1,3.1,9.7,3.1,liferay,Analyzed,2024-10-22
CVE-2024-9148,3.6,6.1,3.1,9.7,3.1,tenable,Analyzed,2024-09-25
CVE-2025-67601,3.6,4.8,3.1,8.4,3.1,suse,Analyzed,2026-02-25
CVE-2026-25971,3.6,9.8,3.1,6.2,3.1,github,Analyzed,2026-02-24
CVE-2024-23321,3.5,8.8,3.1,5.3,3.1,apache,Modified,2024-07-22
CVE-2024-27181,3.5,8.8,3.1,5.3,3.1,apache,Analyzed,2024-08-02
CVE-2024-28397,3.5,5.3,3.1,8.8,3.1,mitre,Deferred,2024-06-20
CVE-2024-31580,3.5,4.0,3.1,7.5,3.1,mitre,Analyzed,2024-04-17
CVE-2024-36039,3.5,6.3,3.1,9.8,3.1,mitre,Deferred,2024-05-21
CVE-2025-20051,3.5,6.5,3.1,10.0,3.1,mattermost,Analyzed,2025-02-24
CVE-2025-27220,3.5,7.5,3.1,4.0,3.1,mitre,Modified,2025-03-04
CVE-2025-31363,3.5,6.5,3.1,3.0,3.1,mattermost,Analyzed,2025-04-16
CVE-2025-65026,3.5,9.6,3.1,6.1,3.1,github,Analyzed,2025-11-19
CVE-2025-66034,3.5,9.8,3.1,6.3,3.1,github,Analyzed,2025-11-29
CVE-2026-23885,3.5,9.9,3.1,6.4,3.1,github,Analyzed,2026-01-19
CVE-2026-27837,3.5,9.8,3.1,6.3,3.1,github,Analyzed,2026-02-26
CVE-2026-29795,3.5,7.5,3.1,4.0,3.1,github,Analyzed,2026-03-06
CVE-2026-30934,3.5,5.4,3.1,8.9,3.1,github,Analyzed,2026-03-10
CVE-2026-31938,3.5,6.1,3.1,9.6,3.1,github,Analyzed,2026-03-18
CVE-2024-22091,3.4,6.5,3.1,3.1,3.1,mattermost,Analyzed,2024-04-26
CVE-2024-38276,3.4,8.8,3.1,5.4,3.1,puiterwijk,Modified,2024-06-18
CVE-2024-41949,3.4,6.4,3.1,3.0,3.1,github,Analyzed,2024-08-01
CVE-2024-45537,3.4,6.5,3.1,3.1,3.1,apache,Modified,2024-09-17
CVE-2024-47082,3.4,8.0,3.1,4.6,3.1,github,Analyzed,2024-09-25
CVE-2024-5629,3.4,8.1,3.1,4.7,3.1,mongodb,Modified,2024-06-05
CVE-2024-6762,3.4,6.5,3.1,3.1,3.1,eclipse,Modified,2024-10-14
CVE-2025-14822,3.4,6.5,3.1,3.1,3.1,mattermost,Analyzed,2026-01-16
CVE-2025-59682,3.4,6.5,3.1,3.1,3.1,mitre,Modified,2025-10-01
CVE-2025-64745,3.4,6.1,3.1,2.7,3.1,github,Analyzed,2025-11-13
CVE-2025-66168,3.4,8.8,3.1,5.4,3.1,apache,Modified,2026-03-04
CVE-2025-9081,3.4,6.5,3.1,3.1,3.1,mattermost,Analyzed,2025-09-19
CVE-2026-32278,3.4,4.8,3.1,8.2,3.1,github,Analyzed,2026-03-23
CVE-2026-32938,3.4,6.5,3.1,9.9,3.1,github,Analyzed,2026-03-20
CVE-2024-36264,3.3,9.8,3.1,6.5,3.1,apache.org,Modified,2024-06-12
CVE-2024-40614,3.3,9.8,3.1,6.5,3.1,mitre,Modified,2024-07-07
CVE-2024-44076,3.3,9.8,3.1,6.5,3.1,mitre,Analyzed,2024-08-19
CVE-2025-45143,3.3,7.0,3.1,3.7,3.1,mitre,Analyzed,2025-06-30
CVE-2025-52478,3.3,5.4,3.1,8.7,3.1,github,Analyzed,2025-08-19
CVE-2025-55004,3.3,4.3,3.1,7.6,3.1,github,Analyzed,2025-08-13
CVE-2025-64495,3.3,5.4,3.1,8.7,3.1,github,Analyzed,2025-11-08
CVE-2025-65959,3.3,5.4,3.1,8.7,3.1,github,Analyzed,2025-12-04
CVE-2026-1525,3.3,9.8,3.1,6.5,3.1,ce714d77-add3-4f53-aff5-83d477b104bb,Analyzed,2026-03-12
CVE-2026-22770,3.3,9.8,3.1,6.5,3.1,github,Analyzed,2026-01-20
CVE-2026-23733,3.3,6.4,3.1,9.7,3.1,github,Deferred,2026-01-18
CVE-2026-24490,3.3,4.8,3.1,8.1,3.1,github,Analyzed,2026-01-27
CVE-2026-2476,3.3,4.3,3.1,7.6,3.1,mattermost,Analyzed,2026-03-16
CVE-2026-24888,3.3,9.8,3.1,6.5,3.1,github,Analyzed,2026-01-28
CVE-2026-25897,3.3,9.8,3.1,6.5,3.1,github,Analyzed,2026-02-24
CVE-2026-26022,3.3,5.4,3.1,8.7,3.1,github,Analyzed,2026-03-05
CVE-2026-27196,3.3,4.8,3.1,8.1,3.1,github,Analyzed,2026-02-21
CVE-2026-27795,3.3,7.4,3.1,4.1,3.1,github,Analyzed,2026-02-25
CVE-2026-28426,3.3,5.4,3.1,8.7,3.1,github,Analyzed,2026-02-27
CVE-2026-30587,3.3,8.7,3.1,5.4,3.1,mitre,Analyzed,2026-03-25
CVE-2026-33674,3.3,5.3,3.1,2.0,3.1,github,Analyzed,2026-03-26
CVE-2023-46442,3.2,4.3,3.1,7.5,3.1,mitre,Deferred,2024-05-24
CVE-2024-29736,3.2,9.1,3.1,5.9,3.1,apache,Modified,2024-07-19
CVE-2024-36121,3.2,9.1,3.1,5.9,3.1,github,Modified,2024-06-04
CVE-2024-39330,3.2,4.3,3.1,7.5,3.1,mitre,Modified,2024-07-10
CVE-2024-40635,3.2,7.8,3.1,4.6,3.1,github,Analyzed,2025-03-17
CVE-2024-46943,3.2,7.5,3.1,4.3,3.1,mitre,Modified,2024-09-15
CVE-2024-47401,3.2,7.5,3.1,4.3,3.1,mattermost,Analyzed,2024-10-29
CVE-2024-47554,3.2,4.3,3.1,7.5,3.1,apache,Analyzed,2024-10-03
CVE-2024-47805,3.2,7.5,3.1,4.3,3.1,googlegroups,Modified,2024-10-02
CVE-2024-49753,3.2,9.1,3.1,5.9,3.1,github,Analyzed,2024-10-25
CVE-2025-50538,3.2,6.1,3.1,9.3,3.1,mitre,Analyzed,2025-10-06
CVE-2025-53368,3.2,5.4,3.1,8.6,3.1,github,Analyzed,2025-07-03
CVE-2025-53370,3.2,5.4,3.1,8.6,3.1,github,Analyzed,2025-07-03
CVE-2025-53678,3.2,6.5,3.1,3.3,3.1,googlegroups,Modified,2025-07-09
CVE-2025-59839,3.2,5.4,3.1,8.6,3.1,github,Analyzed,2025-09-25
CVE-2026-20719,3.2,7.5,3.1,4.3,3.1,mattermost,Analyzed,2026-03-25
CVE-2026-27614,3.2,6.1,3.1,9.3,3.1,github,Analyzed,2026-02-25
CVE-2026-29183,3.2,6.1,3.1,9.3,3.1,github,Analyzed,2026-03-06
CVE-2026-32940,3.2,6.1,3.1,9.3,3.1,github,Analyzed,2026-03-20
CVE-2025-46722,3.1,7.3,3.1,4.2,3.1,github,Analyzed,2025-05-29
CVE-2025-62171,3.1,7.5,3.1,4.4,3.1,github,Modified,2025-10-17
CVE-2025-68158,3.1,8.8,3.1,5.7,3.1,github,Modified,2026-01-08
CVE-2026-27798,3.1,7.1,3.1,4.0,3.1,github,Analyzed,2026-02-26
CVE-2024-45233,3.0,9.8,3.1,6.8,3.1,mitre,Analyzed,2024-08-29
CVE-2024-50345,3.0,6.1,3.1,3.1,3.1,github,Modified,2024-11-06
CVE-2024-57177,3.0,7.3,3.1,4.3,3.1,mitre,Deferred,2025-02-10
CVE-2025-2946,3.0,6.1,3.1,9.1,3.1,f86ef6dc-4d3a-42ad-8f28-e6d5547a5007,Analyzed,2025-04-03
CVE-2025-43973,3.0,9.8,3.1,6.8,3.1,mitre,Analyzed,2025-04-21
CVE-2025-53650,3.0,7.3,3.1,4.3,3.1,googlegroups,Modified,2025-07-09
CVE-2025-62690,3.0,6.1,3.1,3.1,3.1,mattermost,Analyzed,2025-12-17
CVE-2025-67499,3.0,3.6,3.1,6.6,3.1,github,Analyzed,2025-12-10
CVE-2025-9084,3.0,6.1,3.1,3.1,3.1,mattermost,Analyzed,2025-09-15
CVE-2026-22250,3.0,5.5,3.1,2.5,3.1,github,Analyzed,2026-01-12
CVE-2024-23454,2.9,6.2,3.1,3.3,3.1,apache,Analyzed,2024-09-25
CVE-2024-28717,2.9,4.9,3.1,7.8,3.1,mitre,Deferred,2024-04-22
CVE-2024-3056,2.9,7.7,3.1,4.8,3.1,redhat,Modified,2024-08-02
CVE-2024-45772,2.9,8.0,3.1,5.1,3.1,apache,Analyzed,2024-09-30
CVE-2025-1693,2.9,6.8,3.1,3.9,3.1,mongodb,Analyzed,2025-02-27
CVE-2025-68481,2.9,8.8,3.1,5.9,3.1,github,Analyzed,2025-12-19
CVE-2025-68939,2.9,5.3,3.1,8.2,3.1,mitre,Analyzed,2025-12-26
CVE-2026-23950,2.9,5.9,3.1,8.8,3.1,github,Analyzed,2026-01-20
CVE-2026-35545,2.9,8.2,3.1,5.3,3.1,mitre,Analyzed,2026-04-03
CVE-2024-22261,2.8,5.5,3.1,2.7,3.1,vmware,Analyzed,2024-06-11
CVE-2024-32231,2.8,6.3,3.1,9.1,3.1,mitre,Analyzed,2024-08-15
CVE-2024-40636,2.8,5.3,3.1,2.5,3.1,github,Deferred,2024-07-17
CVE-2024-40647,2.8,5.3,3.1,2.5,3.1,github,Deferred,2024-07-18
CVE-2024-45606,2.8,4.3,3.1,7.1,3.1,github,Analyzed,2024-09-17
CVE-2024-4596,2.8,6.5,3.1,3.7,3.1,vuldb,Analyzed,2024-05-07
CVE-2024-6376,2.8,9.8,3.1,7.0,3.1,mongodb,Modified,2024-07-01
CVE-2024-9341,2.8,8.2,3.1,5.4,3.1,redhat,Modified,2024-10-01
CVE-2025-11143,2.8,6.5,3.1,3.7,3.1,eclipse,Analyzed,2026-03-05
CVE-2025-53652,2.8,8.2,3.1,5.4,3.1,googlegroups,Modified,2025-07-09
CVE-2025-54798,2.8,5.3,3.1,2.5,3.1,github,Modified,2025-08-07
CVE-2026-22819,2.8,3.1,3.1,5.9,3.1,github,Analyzed,2026-01-14
CVE-2026-27808,2.8,8.6,3.1,5.8,3.1,github,Analyzed,2026-02-26
CVE-2026-34384,2.8,7.3,3.1,4.5,3.1,github,Analyzed,2026-03-31
CVE-2024-34707,2.7,4.8,3.1,7.5,3.1,github,Analyzed,2024-05-14
CVE-2024-35239,2.7,5.4,3.1,2.7,3.1,github,Analyzed,2024-05-28
CVE-2024-41800,2.7,7.5,3.1,4.8,3.1,github,Modified,2024-07-25
CVE-2024-42512,2.7,8.6,3.1,5.9,3.1,mitre,Analyzed,2025-02-10
CVE-2024-47182,2.7,7.5,3.1,4.8,3.1,github,Analyzed,2024-09-27
CVE-2024-50703,2.7,8.1,3.1,5.4,3.1,mitre,Analyzed,2024-12-30
CVE-2025-26528,2.7,6.1,3.1,3.4,3.1,puiterwijk,Analyzed,2025-02-24
CVE-2025-56556,2.7,3.8,3.1,6.5,3.1,mitre,Modified,2025-09-11
CVE-2025-59681,2.7,9.8,3.1,7.1,3.1,mitre,Modified,2025-10-01
CVE-2026-22704,2.7,5.4,3.1,8.1,3.1,github,Analyzed,2026-01-10
CVE-2026-24778,2.7,6.1,3.1,8.8,3.1,github,Analyzed,2026-01-27
CVE-2026-27900,2.7,7.7,3.1,5.0,3.1,github,Analyzed,2026-02-26
CVE-2026-27953,2.7,9.8,3.1,7.1,3.1,github,Analyzed,2026-03-19
CVE-2026-29070,2.7,8.1,3.1,5.4,3.1,github,Analyzed,2026-03-27
CVE-2024-23444,2.6,7.5,3.1,4.9,3.1,elastic,Modified,2024-07-31
CVE-2024-41259,2.6,9.1,3.1,6.5,3.1,mitre,Analyzed,2024-08-01
CVE-2024-42470,2.6,9.1,3.1,6.5,3.1,github,Analyzed,2024-08-12
CVE-2024-45258,2.6,9.8,3.1,7.2,3.1,mitre,Deferred,2024-08-25
CVE-2024-47047,2.6,7.5,3.1,4.9,3.1,mitre,Modified,2024-09-17
CVE-2024-48218,2.6,7.2,3.1,9.8,3.1,mitre,Analyzed,2024-10-25
CVE-2024-48222,2.6,7.2,3.1,9.8,3.1,mitre,Analyzed,2024-10-25
CVE-2024-48223,2.6,7.2,3.1,9.8,3.1,mitre,Analyzed,2024-10-25
CVE-2024-48224,2.6,4.9,3.1,7.5,3.1,mitre,Analyzed,2024-10-25
CVE-2024-48225,2.6,6.5,3.1,9.1,3.1,mitre,Analyzed,2024-10-25
CVE-2024-48226,2.6,7.2,3.1,9.8,3.1,mitre,Analyzed,2024-10-25
CVE-2024-48227,2.6,4.9,3.1,7.5,3.1,mitre,Analyzed,2024-10-25
CVE-2024-48229,2.6,7.2,3.1,9.8,3.1,mitre,Analyzed,2024-10-25
CVE-2024-48230,2.6,7.2,3.1,9.8,3.1,mitre,Analyzed,2024-10-25
CVE-2024-49757,2.6,4.9,3.1,7.5,3.1,github,Analyzed,2024-10-25
CVE-2024-52588,2.6,7.5,3.1,4.9,3.1,github,Analyzed,2025-05-29
CVE-2024-52981,2.6,7.5,3.1,4.9,3.1,elastic,Analyzed,2025-04-08
CVE-2024-56526,2.6,4.9,3.1,7.5,3.1,mitre,Analyzed,2025-05-13
CVE-2024-5998,2.6,7.8,3.1,5.2,3.1,huntr,Analyzed,2024-09-17
CVE-2025-10713,2.6,9.1,3.1,6.5,3.1,ed10eef1-636d-4fbe-9993-6890dfa878f8,Analyzed,2025-11-05
CVE-2025-32972,2.6,5.3,3.1,2.7,3.1,github,Analyzed,2025-04-30
CVE-2025-46827,2.6,5.4,3.1,8.0,3.1,github,Analyzed,2025-05-07
CVE-2025-49136,2.6,6.5,3.1,9.1,3.1,github,Analyzed,2025-06-09
CVE-2025-49656,2.6,7.5,3.1,4.9,3.1,apache,Modified,2025-07-21
CVE-2025-53658,2.6,5.4,3.1,8.0,3.1,googlegroups,Modified,2025-07-09
CVE-2025-57164,2.6,6.5,3.1,9.1,3.1,mitre,Analyzed,2025-10-17
CVE-2025-67641,2.6,5.4,3.1,8.0,3.1,googlegroups,Analyzed,2025-12-10
CVE-2025-67852,2.6,6.1,3.1,3.5,3.1,puiterwijk,Analyzed,2026-02-03
CVE-2026-25898,2.6,9.1,3.1,6.5,3.1,github,Analyzed,2026-02-24
CVE-2026-26057,2.6,9.1,3.1,6.5,3.1,github,Analyzed,2026-02-19
CVE-2026-26284,2.6,9.1,3.1,6.5,3.1,github,Analyzed,2026-02-24
CVE-2026-28280,2.6,8.7,3.1,6.1,3.1,github,Analyzed,2026-02-26
CVE-2026-33768,2.6,9.1,3.1,6.5,3.1,github,Analyzed,2026-03-24
CVE-2024-10006,2.5,5.8,3.1,8.3,3.1,hashicorp,Modified,2024-10-30
CVE-2024-29069,2.5,7.3,3.1,4.8,3.1,ubuntu,Modified,2024-07-25
CVE-2024-32874,2.5,6.8,3.1,9.3,3.1,github,Deferred,2024-05-14
CVE-2024-36543,2.5,9.8,3.1,7.3,3.1,mitre,Deferred,2024-06-17
CVE-2024-39008,2.5,10.0,3.1,7.5,3.1,mitre,Deferred,2024-07-01
CVE-2024-39613,2.5,7.8,3.1,5.3,3.1,mattermost,Analyzed,2024-09-16
CVE-2024-41124,2.5,6.3,3.1,3.8,3.1,github,Deferred,2024-07-19
CVE-2024-42357,2.5,9.8,3.1,7.3,3.1,github,Analyzed,2024-08-08
CVE-2024-45291,2.5,8.8,3.1,6.3,3.1,github,Analyzed,2024-10-07
CVE-2024-45390,2.5,9.8,3.1,7.3,3.1,github,Analyzed,2024-09-03
CVE-2024-52305,2.5,4.8,3.1,7.3,3.1,github,Analyzed,2024-11-13
CVE-2024-8071,2.5,7.2,3.1,4.7,3.1,mattermost,Analyzed,2024-08-22
CVE-2025-1692,2.5,8.8,3.1,6.3,3.1,mongodb,Analyzed,2025-02-27
CVE-2025-25279,2.5,7.5,3.1,10.0,3.1,mattermost,Analyzed,2025-02-24
CVE-2025-26699,2.5,7.5,3.1,5.0,3.1,mitre,Analyzed,2025-03-06
CVE-2025-27145,2.5,6.1,3.1,3.6,3.1,github,Analyzed,2025-02-25
CVE-2025-68924,2.5,7.5,3.1,10.0,3.1,mitre.org,Analyzed,2026-01-16
CVE-2025-69203,2.5,8.8,3.1,6.3,3.1,github,Analyzed,2026-01-01
CVE-2026-23736,2.5,9.8,3.1,7.3,3.1,github,Analyzed,2026-01-21
CVE-2026-24126,2.5,9.1,3.1,6.6,3.1,github,Analyzed,2026-02-19
CVE-2026-27599,2.5,7.2,3.1,4.7,3.1,github,Analyzed,2026-03-30
CVE-2026-32106,2.5,7.2,3.1,4.7,3.1,github,Analyzed,2026-03-11
CVE-2026-32722,2.5,6.1,3.1,3.6,3.1,github,Analyzed,2026-03-18
CVE-2026-33128,2.5,10.0,3.1,7.5,3.1,github,Analyzed,2026-03-20
CVE-2022-31671,2.4,7.4,3.1,5.0,3.1,vmware,Analyzed,2024-11-14
CVE-2023-53160,2.4,5.3,3.1,2.9,3.1,mitre,Analyzed,2025-07-28
CVE-2023-53161,2.4,5.3,3.1,2.9,3.1,mitre,Analyzed,2025-07-28
CVE-2024-34537,2.4,4.9,3.1,2.5,3.1,mitre,Analyzed,2024-10-28
CVE-2024-36536,2.4,9.8,3.1,7.4,3.1,mitre,Analyzed,2024-07-24
CVE-2024-42347,2.4,6.5,3.1,4.1,3.1,github,Analyzed,2024-08-06
CVE-2024-47524,2.4,4.8,3.1,7.2,3.1,github,Analyzed,2024-10-01
CVE-2024-50355,2.4,4.8,3.1,7.2,3.1,github,Analyzed,2024-11-15
CVE-2024-56199,2.4,7.6,3.1,5.2,3.1,github,Analyzed,2025-01-02
CVE-2024-8038,2.4,5.5,3.1,7.9,3.1,ubuntu,Analyzed,2024-10-02
CVE-2025-13357,2.4,9.8,3.1,7.4,3.1,hashicorp,Analyzed,2025-11-21
CVE-2025-47775,2.4,8.6,3.1,6.2,3.1,github,Analyzed,2025-05-14
CVE-2025-49137,2.4,6.1,3.1,8.5,3.1,github,Analyzed,2025-06-09
CVE-2025-53101,2.4,9.8,3.1,7.4,3.1,github,Modified,2025-07-14
CVE-2025-59546,2.4,4.8,3.1,2.4,3.1,github,Analyzed,2025-09-23
CVE-2025-66404,2.4,8.8,3.1,6.4,3.1,github,Analyzed,2025-12-03
CVE-2026-25968,2.4,9.8,3.1,7.4,3.1,github,Analyzed,2026-02-24
CVE-2022-31666,2.3,5.4,3.1,7.7,3.1,vmware,Analyzed,2024-11-14
CVE-2022-3602,2.3,7.5,3.1,9.8,3.1,openssl,Modified,2022-11-01
CVE-2023-6787,2.3,8.8,3.1,6.5,3.1,redhat,Analyzed,2024-04-25
CVE-2024-10005,2.3,5.8,3.1,8.1,3.1,hashicorp,Modified,2024-10-30
CVE-2024-25637,2.3,5.4,3.1,3.1,3.1,github,Analyzed,2024-06-26
CVE-2024-32977,2.3,9.4,3.1,7.1,3.1,github,Analyzed,2024-05-14
CVE-2024-34111,2.3,8.8,3.1,6.5,3.1,adobe,Modified,2024-06-13
CVE-2024-35059,2.3,7.5,3.1,9.8,3.1,mitre,Analyzed,2024-05-21
CVE-2024-39705,2.3,9.8,3.1,7.5,3.1,mitre,Deferred,2024-06-27
CVE-2024-42473,2.3,9.8,3.1,7.5,3.1,github,Analyzed,2024-08-12
CVE-2024-45048,2.3,6.5,3.1,8.8,3.1,github,Analyzed,2024-08-28
CVE-2024-45594,2.3,5.4,3.1,7.7,3.1,github,Analyzed,2024-11-13
CVE-2024-52803,2.3,9.8,3.1,7.5,3.1,github,Analyzed,2024-11-21
CVE-2024-55889,2.3,7.2,3.1,4.9,3.1,github,Analyzed,2024-12-13
CVE-2025-13523,2.3,5.4,3.1,7.7,3.1,mattermost,Analyzed,2026-02-06
CVE-2025-14894,2.3,9.8,3.1,7.5,3.1,cert,Analyzed,2026-01-16
CVE-2025-26260,2.3,8.8,3.1,6.5,3.1,mitre,Analyzed,2025-03-12
CVE-2025-26529,2.3,6.1,3.1,8.4,3.1,puiterwijk,Analyzed,2025-02-24
CVE-2025-26530,2.3,6.1,3.1,8.4,3.1,puiterwijk,Analyzed,2025-02-24
CVE-2025-49146,2.3,5.9,3.1,8.2,3.1,github,Analyzed,2025-06-11
CVE-2025-53513,2.3,6.5,3.1,8.8,3.1,ubuntu,Analyzed,2025-07-08
CVE-2025-66411,2.3,5.5,3.1,7.8,3.1,github,Analyzed,2025-12-03
CVE-2026-24836,2.3,5.4,3.1,7.7,3.1,github,Analyzed,2026-01-28
CVE-2026-24837,2.3,5.4,3.1,7.7,3.1,github,Analyzed,2026-01-28
CVE-2026-26198,2.3,7.5,3.1,9.8,3.1,github,Analyzed,2026-02-24
CVE-2026-29045,2.3,9.8,3.1,7.5,3.1,github,Analyzed,2026-03-04
CVE-2026-31824,2.3,5.9,3.1,8.2,3.1,github,Analyzed,2026-03-10
CVE-2026-33180,2.3,7.5,3.1,9.8,3.1,github,Awaiting Analysis,2026-03-20
CVE-2026-33669,2.3,7.5,3.1,9.8,3.1,github,Analyzed,2026-03-26
CVE-2026-33670,2.3,7.5,3.1,9.8,3.1,github,Analyzed,2026-03-26
CVE-2026-33673,2.3,5.4,3.1,7.7,3.1,github,Analyzed,2026-03-26
CVE-2026-33718,2.3,9.9,3.1,7.6,3.1,github,Analyzed,2026-03-27
CVE-2026-34780,2.3,6.1,3.1,8.4,3.1,github,Analyzed,2026-04-04
CVE-2026-35041,2.3,6.5,3.1,4.2,3.1,github,Analyzed,2026-04-09
CVE-2023-45288,2.2,7.5,3.1,5.3,3.1,golang,Deferred,2024-04-04
CVE-2023-53157,2.2,7.5,3.1,5.3,3.1,mitre,Analyzed,2025-07-28
CVE-2024-25885,2.2,7.5,3.1,5.3,3.1,mitre,Deferred,2024-10-08
CVE-2024-28168,2.2,7.5,3.1,5.3,3.1,apache,Analyzed,2024-10-09
CVE-2024-29857,2.2,7.5,3.1,5.3,3.1,mitre,Deferred,2024-05-14
CVE-2024-30172,2.2,7.5,3.1,5.3,3.1,mitre,Deferred,2024-05-14
CVE-2024-32007,2.2,7.5,3.1,5.3,3.1,apache,Modified,2024-07-19
CVE-2024-35181,2.2,8.1,3.1,5.9,3.1,github,Analyzed,2024-05-27
CVE-2024-35182,2.2,8.1,3.1,5.9,3.1,github,Analyzed,2024-05-27
CVE-2024-36268,2.2,9.8,3.1,7.6,3.1,apache,Modified,2024-08-02
CVE-2024-36403,2.2,7.5,3.1,5.3,3.1,github,Analyzed,2025-01-16
CVE-2024-37152,2.2,7.5,3.1,5.3,3.1,github,Modified,2024-06-06
CVE-2024-38524,2.2,7.5,3.1,5.3,3.1,github,Analyzed,2025-06-10
CVE-2024-39274,2.2,6.5,3.1,8.7,3.1,mattermost,Analyzed,2024-08-01
CVE-2024-39896,2.2,5.3,3.1,7.5,3.1,github,Analyzed,2024-07-08
CVE-2024-40094,2.2,5.3,3.1,7.5,3.1,mitre,Deferred,2024-07-30
CVE-2024-40633,2.2,5.3,3.1,7.5,3.1,github,Deferred,2024-07-17
CVE-2024-41132,2.2,7.5,3.1,5.3,3.1,github,Modified,2024-07-22
CVE-2024-41256,2.2,5.9,3.1,8.1,3.1,mitre,Modified,2024-07-31
CVE-2024-4183,2.2,6.5,3.1,4.3,3.1,mattermost,Analyzed,2024-04-26
CVE-2024-41989,2.2,7.5,3.1,5.3,3.1,mitre,Modified,2024-08-07
CVE-2024-41990,2.2,7.5,3.1,5.3,3.1,mitre,Modified,2024-08-07
CVE-2024-41991,2.2,7.5,3.1,5.3,3.1,mitre,Modified,2024-08-07
CVE-2024-42468,2.2,7.5,3.1,5.3,3.1,github,Analyzed,2024-08-12
CVE-2024-43380,2.2,7.5,3.1,5.3,3.1,github,Analyzed,2024-08-19
CVE-2024-45230,2.2,7.5,3.1,5.3,3.1,mitre,Modified,2024-10-08
CVE-2024-45605,2.2,4.3,3.1,6.5,3.1,github,Analyzed,2024-09-17
CVE-2024-45813,2.2,5.3,3.1,7.5,3.1,github,Deferred,2024-09-18
CVE-2024-46528,2.2,4.3,3.1,6.5,3.1,mitre,Deferred,2024-10-14
CVE-2024-48897,2.2,4.3,3.1,6.5,3.1,redhat,Analyzed,2024-11-18
CVE-2024-48898,2.2,4.3,3.1,6.5,3.1,redhat,Analyzed,2024-11-18
CVE-2024-52791,2.2,7.5,3.1,5.3,3.1,github,Analyzed,2025-01-16
CVE-2024-55891,2.2,5.3,3.1,3.1,3.1,github,Analyzed,2025-01-14
CVE-2024-55945,2.2,6.5,3.1,4.3,3.1,github,Analyzed,2025-01-14
CVE-2024-58262,2.2,5.1,3.1,2.9,3.1,mitre,Analyzed,2025-07-27
CVE-2024-9823,2.2,7.5,3.1,5.3,3.1,eclipse,Modified,2024-10-14
CVE-2025-10930,2.2,4.3,3.1,6.5,3.1,drupal,Analyzed,2025-10-30
CVE-2025-1194,2.2,6.5,3.1,4.3,3.1,huntr,Analyzed,2025-04-29
CVE-2025-20033,2.2,6.5,3.1,4.3,3.1,mattermost,Analyzed,2025-01-09
CVE-2025-24018,2.2,5.4,3.1,7.6,3.1,github,Analyzed,2025-01-21
CVE-2025-24294,2.2,7.5,3.1,5.3,3.1,hackerone,Deferred,2025-07-12
CVE-2025-26531,2.2,5.3,3.1,3.1,3.1,puiterwijk,Analyzed,2025-02-24
CVE-2025-26803,2.2,7.5,3.1,5.3,3.1,mitre,Analyzed,2025-02-24
CVE-2025-29778,2.2,8.0,3.1,5.8,3.1,github,Analyzed,2025-03-24
CVE-2025-30179,2.2,6.5,3.1,4.3,3.1,mattermost,Analyzed,2025-03-21
CVE-2025-30208,2.2,7.5,3.1,5.3,3.1,github,Analyzed,2025-03-24
CVE-2025-31125,2.2,7.5,3.1,5.3,3.1,github,Analyzed,2025-03-31
CVE-2025-3262,2.2,7.5,3.1,5.3,3.1,huntr,Analyzed,2025-07-07
CVE-2025-3879,2.2,8.8,3.1,6.6,3.1,hashicorp,Analyzed,2025-05-02
CVE-2025-48889,2.2,7.5,3.1,5.3,3.1,github,Analyzed,2025-05-30
CVE-2025-52902,2.2,5.4,3.1,7.6,3.1,github,Analyzed,2025-06-26
CVE-2025-53654,2.2,6.5,3.1,4.3,3.1,googlegroups,Modified,2025-07-09
CVE-2025-53656,2.2,6.5,3.1,4.3,3.1,googlegroups,Modified,2025-07-09
CVE-2025-53659,2.2,6.5,3.1,4.3,3.1,googlegroups,Modified,2025-07-09
CVE-2025-53662,2.2,6.5,3.1,4.3,3.1,googlegroups,Modified,2025-07-09
CVE-2025-53663,2.2,6.5,3.1,4.3,3.1,googlegroups,Modified,2025-07-09
CVE-2025-53664,2.2,6.5,3.1,4.3,3.1,googlegroups,Modified,2025-07-09
CVE-2025-53666,2.2,6.5,3.1,4.3,3.1,googlegroups,Modified,2025-07-09
CVE-2025-53668,2.2,6.5,3.1,4.3,3.1,googlegroups,Modified,2025-07-09
CVE-2025-53670,2.2,6.5,3.1,4.3,3.1,googlegroups,Modified,2025-07-09
CVE-2025-53671,2.2,6.5,3.1,4.3,3.1,googlegroups,Modified,2025-07-09
CVE-2025-53673,2.2,6.5,3.1,4.3,3.1,googlegroups,Modified,2025-07-09
CVE-2025-53675,2.2,6.5,3.1,4.3,3.1,googlegroups,Modified,2025-07-09
CVE-2025-53676,2.2,6.5,3.1,4.3,3.1,googlegroups,Modified,2025-07-09
CVE-2025-53742,2.2,6.5,3.1,4.3,3.1,googlegroups,Modified,2025-07-09
CVE-2025-58758,2.2,7.3,3.1,5.1,3.1,github,Analyzed,2025-09-09
CVE-2025-59836,2.2,7.5,3.1,5.3,3.1,github,Analyzed,2025-10-13
CVE-2025-62400,2.2,6.5,3.1,4.3,3.1,puiterwijk,Analyzed,2025-10-23
CVE-2025-64186,2.2,6.5,3.1,8.7,3.1,github,Analyzed,2025-11-12
CVE-2025-66306,2.2,6.5,3.1,4.3,3.1,github,Analyzed,2025-12-01
CVE-2025-68388,2.2,5.3,3.1,7.5,3.1,elastic,Analyzed,2025-12-18
CVE-2025-68618,2.2,7.5,3.1,5.3,3.1,github,Analyzed,2025-12-30
CVE-2025-68940,2.2,5.3,3.1,3.1,3.1,mitre,Analyzed,2025-12-26
CVE-2025-68950,2.2,6.2,3.1,4.0,3.1,github,Analyzed,2025-12-30
CVE-2025-9072,2.2,5.4,3.1,7.6,3.1,mattermost,Analyzed,2025-09-15
CVE-2026-21434,2.2,7.5,3.1,5.3,3.1,github,Analyzed,2026-02-12
CVE-2026-21435,2.2,7.5,3.1,5.3,3.1,github,Analyzed,2026-02-12
CVE-2026-23494,2.2,6.5,3.1,4.3,3.1,github,Analyzed,2026-01-15
CVE-2026-24422,2.2,7.5,3.1,5.3,3.1,github,Analyzed,2026-01-24
CVE-2026-25795,2.2,7.5,3.1,5.3,3.1,github,Analyzed,2026-02-24
CVE-2026-25796,2.2,7.5,3.1,5.3,3.1,github,Analyzed,2026-02-24
CVE-2026-25798,2.2,7.5,3.1,5.3,3.1,github,Analyzed,2026-02-24
CVE-2026-25799,2.2,7.5,3.1,5.3,3.1,github,Analyzed,2026-02-24
CVE-2026-25802,2.2,5.4,3.1,7.6,3.1,github,Analyzed,2026-02-24
CVE-2026-25969,2.2,7.5,3.1,5.3,3.1,github,Analyzed,2026-02-24
CVE-2026-25970,2.2,7.5,3.1,5.3,3.1,github,Analyzed,2026-02-24
CVE-2026-25988,2.2,7.5,3.1,5.3,3.1,github,Analyzed,2026-02-24
CVE-2026-26189,2.2,8.1,3.1,5.9,3.1,github,Analyzed,2026-02-19
CVE-2026-26233,2.2,6.5,3.1,4.3,3.1,mattermost,Analyzed,2026-03-25
CVE-2026-26330,2.2,7.5,3.1,5.3,3.1,github,Analyzed,2026-03-10
CVE-2026-30233,2.2,4.3,3.1,6.5,3.1,github,Analyzed,2026-03-06
CVE-2026-30856,2.2,7.6,3.1,5.4,3.1,github,Analyzed,2026-03-07
CVE-2026-32636,2.2,7.5,3.1,5.3,3.1,github,Analyzed,2026-03-18
CVE-2026-34732,2.2,7.5,3.1,5.3,3.1,github,Analyzed,2026-03-31
CVE-2021-3978,2.1,5.5,3.1,7.6,3.1,cloudflare,Analyzed,2025-01-29
CVE-2024-37891,2.1,6.5,3.1,4.4,3.1,github,Analyzed,2024-06-17
CVE-2024-38824,2.1,7.5,3.1,9.6,3.1,vmware,Analyzed,2025-06-13
CVE-2024-45592,2.1,6.1,3.1,8.2,3.1,github,Analyzed,2024-09-10
CVE-2024-47523,2.1,5.4,3.1,7.5,3.1,github,Analyzed,2024-10-01
CVE-2024-47525,2.1,5.4,3.1,7.5,3.1,github,Analyzed,2024-10-01
CVE-2024-47527,2.1,5.4,3.1,7.5,3.1,github,Analyzed,2024-10-01
CVE-2024-49754,2.1,5.4,3.1,7.5,3.1,github,Analyzed,2024-11-15
CVE-2024-49759,2.1,5.4,3.1,7.5,3.1,github,Analyzed,2024-11-15
CVE-2024-49764,2.1,5.4,3.1,7.5,3.1,github,Analyzed,2024-11-15
CVE-2024-50350,2.1,5.4,3.1,7.5,3.1,github,Analyzed,2024-11-15
CVE-2024-50351,2.1,5.4,3.1,7.5,3.1,github,Analyzed,2024-11-15
CVE-2024-50352,2.1,5.4,3.1,7.5,3.1,github,Analyzed,2024-11-15
CVE-2024-51494,2.1,5.4,3.1,7.5,3.1,github,Analyzed,2024-11-15
CVE-2024-51495,2.1,5.4,3.1,7.5,3.1,github,Analyzed,2024-11-15
CVE-2024-51496,2.1,5.4,3.1,7.5,3.1,github,Analyzed,2024-11-15
CVE-2024-51497,2.1,5.4,3.1,7.5,3.1,github,Analyzed,2024-11-15
CVE-2024-52306,2.1,9.8,3.1,7.7,3.1,github,Analyzed,2024-11-13
CVE-2024-52526,2.1,5.4,3.1,7.5,3.1,github,Analyzed,2024-11-15
CVE-2024-9014,2.1,6.5,3.1,8.6,3.1,f86ef6dc-4d3a-42ad-8f28-e6d5547a5007,Analyzed,2024-09-23
CVE-2025-14443,2.1,6.4,3.1,8.5,3.1,redhat,Deferred,2025-12-16
CVE-2025-27221,2.1,5.3,3.1,3.2,3.1,mitre,Modified,2025-03-04
CVE-2025-5689,2.1,8.5,3.1,6.4,3.1,ubuntu,Analyzed,2025-06-16
CVE-2025-62414,2.1,4.8,3.1,6.9,3.1,github,Analyzed,2025-10-16
CVE-2025-62415,2.1,4.8,3.1,6.9,3.1,github,Analyzed,2025-10-16
CVE-2025-62418,2.1,4.8,3.1,6.9,3.1,github,Analyzed,2025-10-16
CVE-2025-66220,2.1,7.1,3.1,5.0,3.1,github,Analyzed,2025-12-03
CVE-2026-24784,2.1,4.8,3.1,6.9,3.1,github,Analyzed,2026-01-28
CVE-2026-29053,2.1,9.8,3.1,7.7,3.1,github,Analyzed,2026-03-05
CVE-2026-29186,2.1,9.8,3.1,7.7,3.1,github,Analyzed,2026-03-07
CVE-2026-30883,2.1,7.8,3.1,5.7,3.1,github,Analyzed,2026-03-10
CVE-2026-32112,2.1,4.7,3.1,6.8,3.1,github,Analyzed,2026-03-11
CVE-2026-32237,2.1,6.5,3.1,4.4,3.1,github,Analyzed,2026-03-12
CVE-2026-32611,2.1,9.1,3.1,7.0,3.1,github,Analyzed,2026-03-18
CVE-2026-33081,2.1,3.7,3.1,5.8,3.1,github,Analyzed,2026-03-20
CVE-2026-33247,2.1,5.3,3.1,7.4,3.1,github,Analyzed,2026-03-25
CVE-2026-33331,2.1,6.1,3.1,8.2,3.1,github,Undergoing Analysis,2026-03-24
CVE-2026-34766,2.1,5.4,3.1,3.3,3.1,github,Analyzed,2026-04-04
CVE-2026-40046,2.1,7.5,3.1,5.4,3.1,apache,Awaiting Analysis,2026-04-09
CVE-2024-32034,2.0,4.8,3.1,6.8,3.1,github,Analyzed,2024-09-16
CVE-2024-40400,2.0,8.8,3.1,6.8,3.1,mitre,Analyzed,2024-07-19
CVE-2024-41948,2.0,5.0,3.1,3.0,3.1,github,Analyzed,2024-08-01
CVE-2024-4216,2.0,5.4,3.1,7.4,3.1,f86ef6dc-4d3a-42ad-8f28-e6d5547a5007,Analyzed,2024-05-02
CVE-2024-43371,2.0,6.5,3.1,4.5,3.1,github,Analyzed,2024-08-21
CVE-2024-47878,2.0,6.1,3.1,8.1,3.1,github,Analyzed,2024-10-24
CVE-2024-49758,2.0,4.8,3.1,6.8,3.1,github,Analyzed,2024-11-15
CVE-2024-51127,2.0,7.1,3.1,9.1,3.1,mitre,Modified,2024-11-04
CVE-2025-12763,2.0,8.8,3.1,6.8,3.1,f86ef6dc-4d3a-42ad-8f28-e6d5547a5007,Modified,2025-11-13
CVE-2025-23208,2.0,5.3,3.1,7.3,3.1,github,Analyzed,2025-01-17
CVE-2025-29773,2.0,7.8,3.1,5.8,3.1,github,Analyzed,2025-03-13
CVE-2025-4166,2.0,6.5,3.1,4.5,3.1,hashicorp,Analyzed,2025-05-02
CVE-2025-52901,2.0,6.5,3.1,4.5,3.1,github,Modified,2025-06-30
CVE-2025-53651,2.0,6.3,3.1,4.3,3.1,googlegroups,Modified,2025-07-09
CVE-2025-55742,2.0,4.8,3.1,6.8,3.1,github,Analyzed,2025-08-21
CVE-2025-67716,2.0,5.7,3.1,3.7,3.1,github,Analyzed,2025-12-11
CVE-2025-68429,2.0,5.3,3.1,7.3,3.1,github,Analyzed,2025-12-17
CVE-2026-21892,2.0,7.3,3.1,5.3,3.1,github,Analyzed,2026-01-08
CVE-2026-24157,2.0,9.8,3.1,7.8,3.1,nvidia,Analyzed,2026-03-24
CVE-2026-24159,2.0,9.8,3.1,7.8,3.1,nvidia,Analyzed,2026-03-24
CVE-2026-25136,2.0,6.1,3.1,8.1,3.1,github,Analyzed,2026-02-25
CVE-2026-34937,2.0,9.8,3.1,7.8,3.1,github,Analyzed,2026-04-03
CVE-2021-27917,1.9,5.4,3.1,7.3,3.1,mautic,Analyzed,2024-09-18
CVE-2024-1724,1.9,8.2,3.1,6.3,3.1,ubuntu,Modified,2024-07-25
CVE-2024-32880,1.9,7.2,3.1,9.1,3.1,github,Analyzed,2024-04-26
CVE-2024-34355,1.9,5.4,3.1,3.5,3.1,github,Analyzed,2024-05-14
CVE-2024-39832,1.9,8.7,3.1,6.8,3.1,mattermost,Analyzed,2024-08-01
CVE-2024-45053,1.9,7.2,3.1,9.1,3.1,github,Analyzed,2024-09-04
CVE-2024-45314,1.9,5.5,3.1,3.6,3.1,github,Analyzed,2024-09-04
CVE-2024-49362,1.9,9.6,3.1,7.7,3.1,github,Analyzed,2024-11-14
CVE-2025-13590,1.9,7.2,3.1,9.1,3.1,ed10eef1-636d-4fbe-9993-6890dfa878f8,Modified,2026-02-19
CVE-2025-36530,1.9,4.9,3.1,6.8,3.1,mattermost,Analyzed,2025-08-21
CVE-2025-40843,1.9,7.8,3.1,5.9,3.1,85b1779b-6ecd-4f52-bcc5-73eac4659dcf,Analyzed,2025-10-28
CVE-2025-54410,1.9,5.2,3.1,3.3,3.1,github,Analyzed,2025-07-30
CVE-2025-61914,1.9,5.4,3.1,7.3,3.1,github,Analyzed,2025-12-26
CVE-2025-6233,1.9,4.9,3.1,6.8,3.1,mattermost,Analyzed,2025-07-18
CVE-2025-62780,1.9,5.4,3.1,3.5,3.1,github,Analyzed,2025-11-10
CVE-2025-62879,1.9,4.9,3.1,6.8,3.1,suse,Analyzed,2026-03-04
CVE-2025-63675,1.9,8.8,3.1,6.9,3.1,mitre,Analyzed,2025-10-31
CVE-2025-65807,1.9,8.4,3.1,6.5,3.1,mitre,Analyzed,2025-12-10
CVE-2025-67495,1.9,6.1,3.1,8.0,3.1,github,Analyzed,2025-12-09
CVE-2025-8023,1.9,4.9,3.1,6.8,3.1,mattermost,Analyzed,2025-08-21
CVE-2026-21861,1.9,7.2,3.1,9.1,3.1,github,Analyzed,2026-03-31
CVE-2026-22029,1.9,6.1,3.1,8.0,3.1,github,Analyzed,2026-01-10
CVE-2026-25539,1.9,7.2,3.1,9.1,3.1,github,Analyzed,2026-02-04
CVE-2026-25733,1.9,5.4,3.1,7.3,3.1,github,Analyzed,2026-02-25
CVE-2026-25966,1.9,7.8,3.1,5.9,3.1,github,Analyzed,2026-02-24
CVE-2026-26276,1.9,5.4,3.1,7.3,3.1,github,Analyzed,2026-03-05
CVE-2026-26980,1.9,7.5,3.1,9.4,3.1,github,Analyzed,2026-02-20
CVE-2026-30877,1.9,7.2,3.1,9.1,3.1,github,Analyzed,2026-03-31
CVE-2026-3112,1.9,4.9,3.1,6.8,3.1,mattermost,Analyzed,2026-03-26
CVE-2026-32747,1.9,4.9,3.1,6.8,3.1,github,Analyzed,2026-03-19
CVE-2026-33080,1.9,5.4,3.1,7.3,3.1,github,Analyzed,2026-03-20
CVE-2026-35035,1.9,7.2,3.1,9.1,3.1,github,Undergoing Analysis,2026-04-06
CVE-2026-35536,1.9,5.3,3.1,7.2,3.1,mitre,Analyzed,2026-04-03
CVE-2022-25776,1.8,6.5,3.1,8.3,3.1,mautic,Analyzed,2024-09-18
CVE-2024-22244,1.8,6.1,3.1,4.3,3.1,vmware,Analyzed,2024-06-10
CVE-2024-2383,1.8,6.1,3.1,4.3,3.1,huntr,Modified,2024-06-06
CVE-2024-32473,1.8,6.5,3.1,4.7,3.1,github,Analyzed,2024-04-18
CVE-2024-34081,1.8,4.8,3.1,6.6,3.1,github,Analyzed,2024-05-14
CVE-2024-37900,1.8,4.6,3.1,6.4,3.1,github,Analyzed,2024-07-31
CVE-2024-41666,1.8,6.5,3.1,4.7,3.1,github,Analyzed,2024-07-24
CVE-2024-41953,1.8,6.1,3.1,4.3,3.1,github,Analyzed,2024-07-31
CVE-2024-42005,1.8,7.3,3.1,9.1,3.1,mitre,Modified,2024-08-07
CVE-2024-42480,1.8,9.9,3.1,8.1,3.1,github,Analyzed,2024-08-12
CVE-2024-42486,1.8,7.2,3.1,5.4,3.1,github,Analyzed,2024-08-16
CVE-2024-43399,1.8,9.8,3.1,8.0,3.1,github,Analyzed,2024-08-19
CVE-2024-49760,1.8,5.3,3.1,7.1,3.1,github,Analyzed,2024-10-24
CVE-2024-9594,1.8,8.1,3.1,6.3,3.1,liggitt,Analyzed,2024-10-15
CVE-2025-22445,1.8,5.3,3.1,3.5,3.1,mattermost,Analyzed,2025-01-09
CVE-2025-32962,1.8,6.1,3.1,4.3,3.1,github,Analyzed,2025-05-16
CVE-2025-54139,1.8,6.1,3.1,4.3,3.1,github,Analyzed,2025-07-23
CVE-2025-55746,1.8,7.5,3.1,9.3,3.1,github,Analyzed,2025-08-20
CVE-2026-22032,1.8,6.1,3.1,4.3,3.1,github,Analyzed,2026-01-08
CVE-2026-28423,1.8,8.6,3.1,6.8,3.1,github,Analyzed,2026-02-27
CVE-2024-22399,1.7,9.8,3.1,8.1,3.1,apache,Modified,2024-09-16
CVE-2024-31452,1.7,9.8,3.1,8.1,3.1,github,Analyzed,2024-04-16
CVE-2024-32479,1.7,5.4,3.1,7.1,3.1,github,Analyzed,2024-04-22
CVE-2024-34391,1.7,9.8,3.1,8.1,3.1,jfrog,Analyzed,2024-05-02
CVE-2024-34392,1.7,9.8,3.1,8.1,3.1,jfrog,Analyzed,2024-05-02
CVE-2024-39836,1.7,6.5,3.1,4.8,3.1,mattermost,Analyzed,2024-08-22
CVE-2024-4128,1.7,4.3,3.1,2.6,3.1,google,Analyzed,2024-05-02
CVE-2024-41637,1.7,8.3,3.1,10.0,3.1,mitre,Deferred,2024-07-29
CVE-2024-41656,1.7,5.4,3.1,7.1,3.1,github,Analyzed,2024-07-23
CVE-2024-41962,1.7,6.3,3.1,4.6,3.1,github,Analyzed,2024-08-01
CVE-2024-42482,1.7,6.5,3.1,4.8,3.1,github,Analyzed,2024-08-12
CVE-2024-45187,1.7,8.8,3.1,7.1,3.1,jfrog,Analyzed,2024-08-23
CVE-2024-45302,1.7,7.8,3.1,6.1,3.1,github,Analyzed,2024-08-29
CVE-2024-46998,1.7,5.4,3.1,7.1,3.1,github,Analyzed,2024-10-24
CVE-2024-55238,1.7,8.8,3.1,7.1,3.1,mitre,Analyzed,2025-04-17
CVE-2024-56374,1.7,7.5,3.1,5.8,3.1,mitre,Analyzed,2025-01-14
CVE-2024-5658,1.7,6.5,3.1,4.8,3.1,1e3a9e0f-5156-4bf8-b8a3-cc311bfc0f4a,Modified,2024-06-06
CVE-2024-7260,1.7,6.1,3.1,4.4,3.1,redhat,Modified,2024-09-09
CVE-2025-1473,1.7,7.1,3.1,5.4,3.1,huntr,Analyzed,2025-03-20
CVE-2025-23366,1.7,4.8,3.1,6.5,3.1,redhat,Modified,2025-01-14
CVE-2025-26533,1.7,9.8,3.1,8.1,3.1,puiterwijk,Analyzed,2025-02-24
CVE-2025-27098,1.7,7.5,3.1,5.8,3.1,github,Analyzed,2025-02-20
CVE-2025-27219,1.7,7.5,3.1,5.8,3.1,mitre,Modified,2025-03-04
CVE-2025-27556,1.7,7.5,3.1,5.8,3.1,mitre,Analyzed,2025-04-02
CVE-2025-46567,1.7,7.8,3.1,6.1,3.1,github,Analyzed,2025-05-01
CVE-2025-47226,1.7,3.3,3.1,5.0,3.1,mitre,Analyzed,2025-05-02
CVE-2025-49579,1.7,4.8,3.1,6.5,3.1,github,Analyzed,2025-06-12
CVE-2025-54424,1.7,9.8,3.1,8.1,3.1,github,Analyzed,2025-08-01
CVE-2025-57822,1.7,8.2,3.1,6.5,3.1,github,Analyzed,2025-08-29
CVE-2025-58049,1.7,7.5,3.1,5.8,3.1,github,Analyzed,2025-08-28
CVE-2025-59943,1.7,9.8,3.1,8.1,3.1,github,Analyzed,2025-10-03
CVE-2025-62416,1.7,6.8,3.1,5.1,3.1,github,Analyzed,2025-10-16
CVE-2025-64764,1.7,5.4,3.1,7.1,3.1,github,Analyzed,2025-11-19
CVE-2025-66448,1.7,8.8,3.1,7.1,3.1,github,Analyzed,2025-12-01
CVE-2025-67851,1.7,7.8,3.1,6.1,3.1,puiterwijk,Analyzed,2026-02-03
CVE-2025-68671,1.7,4.8,3.1,6.5,3.1,github,Analyzed,2026-01-15
CVE-2025-68697,1.7,5.4,3.1,7.1,3.1,github,Analyzed,2025-12-26
CVE-2025-69207,1.7,7.1,3.1,5.4,3.1,github,Analyzed,2026-02-02
CVE-2025-7365,1.7,7.1,3.1,5.4,3.1,redhat,Modified,2025-07-10
CVE-2026-22817,1.7,6.5,3.1,8.2,3.1,github,Analyzed,2026-01-13
CVE-2026-22818,1.7,6.5,3.1,8.2,3.1,github,Analyzed,2026-01-13
CVE-2026-22864,1.7,9.8,3.1,8.1,3.1,github,Analyzed,2026-01-15
CVE-2026-23845,1.7,7.5,3.1,5.8,3.1,github,Analyzed,2026-01-19
CVE-2026-24009,1.7,9.8,3.1,8.1,3.1,github,Analyzed,2026-01-22
CVE-2026-24398,1.7,6.5,3.1,4.8,3.1,github,Analyzed,2026-01-27
CVE-2026-25160,1.7,7.4,3.1,9.1,3.1,github,Analyzed,2026-02-04
CVE-2026-25640,1.7,5.4,3.1,7.1,3.1,github,Analyzed,2026-02-06
CVE-2026-25726,1.7,9.8,3.1,8.1,3.1,github,Analyzed,2026-04-03
CVE-2026-27190,1.7,9.8,3.1,8.1,3.1,github,Analyzed,2026-02-20
CVE-2026-27567,1.7,4.8,3.1,6.5,3.1,github,Analyzed,2026-02-24
CVE-2026-29093,1.7,9.8,3.1,8.1,3.1,github,Analyzed,2026-03-06
CVE-2026-32260,1.7,9.8,3.1,8.1,3.1,github,Analyzed,2026-03-12
CVE-2026-33131,1.7,9.1,3.1,7.4,3.1,github,Analyzed,2026-03-20
CVE-2026-33732,1.7,6.5,3.1,4.8,3.1,github,Analyzed,2026-03-26
CVE-2026-33896,1.7,9.1,3.1,7.4,3.1,github,Analyzed,2026-03-27
CVE-2026-34359,1.7,9.1,3.1,7.4,3.1,github,Analyzed,2026-03-31
CVE-2026-34528,1.7,9.8,3.1,8.1,3.1,github,Analyzed,2026-04-01
CVE-2026-34604,1.7,8.8,3.1,7.1,3.1,github,Analyzed,2026-04-01
CVE-2026-34835,1.7,6.5,3.1,4.8,3.1,github,Analyzed,2026-04-02
CVE-2026-4800,1.7,9.8,3.1,8.1,3.1,ce714d77-add3-4f53-aff5-83d477b104bb,Analyzed,2026-03-31
CVE-2023-28452,1.6,7.5,3.1,5.9,3.1,mitre,Modified,2024-09-18
CVE-2023-49559,1.6,3.7,3.1,5.3,3.1,mitre,Deferred,2024-06-12
CVE-2024-29977,1.6,4.3,3.1,2.7,3.1,mattermost,Analyzed,2024-08-01
CVE-2024-32868,1.6,8.1,3.1,6.5,3.1,github,Analyzed,2024-04-26
CVE-2024-34447,1.6,7.5,3.1,5.9,3.1,mitre,Deferred,2024-05-03
CVE-2024-36814,1.6,4.9,3.1,6.5,3.1,mitre,Deferred,2024-10-08
CVE-2024-3772,1.6,7.5,3.1,5.9,3.1,430a6cef-dc26-47e3-9fa8-52fb7f19644e,Analyzed,2024-04-15
CVE-2024-38361,1.6,5.3,3.1,3.7,3.1,github,Analyzed,2024-06-20
CVE-2024-38460,1.6,6.5,3.1,4.9,3.1,mitre,Modified,2024-06-16
CVE-2024-39317,1.6,4.9,3.1,6.5,3.1,github,Analyzed,2024-07-11
CVE-2024-39772,1.6,5.3,3.1,3.7,3.1,mattermost,Analyzed,2024-09-16
CVE-2024-39837,1.6,5.4,3.1,3.8,3.1,mattermost,Analyzed,2024-08-01
CVE-2024-41111,1.6,7.2,3.1,8.8,3.1,github,Deferred,2024-07-18
CVE-2024-41144,1.6,7.1,3.1,5.5,3.1,mattermost,Analyzed,2024-08-01
CVE-2024-41255,1.6,7.5,3.1,5.9,3.1,mitre,Analyzed,2024-07-31
CVE-2024-41926,1.6,4.3,3.1,2.7,3.1,mattermost,Analyzed,2024-08-01
CVE-2024-4435,1.6,7.5,3.1,5.9,3.1,6b35d637-e00f-4228-858c-b20ad6e1d07b,Analyzed,2024-05-21
CVE-2024-45231,1.6,5.3,3.1,3.7,3.1,mitre,Modified,2024-10-08
CVE-2024-45384,1.6,5.3,3.1,3.7,3.1,apache,Modified,2024-09-17
CVE-2024-46989,1.6,5.3,3.1,3.7,3.1,github,Analyzed,2024-09-18
CVE-2024-47831,1.6,7.5,3.1,5.9,3.1,github,Analyzed,2024-10-14
CVE-2024-50378,1.6,4.9,3.1,6.5,3.1,apache,Analyzed,2024-11-08
CVE-2024-52595,1.6,6.1,3.1,7.7,3.1,github,Analyzed,2024-11-19
CVE-2024-54682,1.6,4.9,3.1,6.5,3.1,mattermost,Analyzed,2024-12-16
CVE-2024-56362,1.6,5.5,3.1,7.1,3.1,github,Analyzed,2024-12-23
CVE-2024-58263,1.6,5.3,3.1,3.7,3.1,mitre,Analyzed,2025-07-27
CVE-2024-6763,1.6,5.3,3.1,3.7,3.1,eclipse,Analyzed,2024-10-14
CVE-2025-0377,1.6,9.1,3.1,7.5,3.1,hashicorp,Analyzed,2025-01-21
CVE-2025-1396,1.6,5.3,3.1,3.7,3.1,ed10eef1-636d-4fbe-9993-6890dfa878f8,Analyzed,2025-09-26
CVE-2025-24023,1.6,5.3,3.1,3.7,3.1,github,Analyzed,2025-03-03
CVE-2025-24963,1.6,7.5,3.1,5.9,3.1,github,Analyzed,2025-02-04
CVE-2025-26791,1.6,6.1,3.1,4.5,3.1,mitre,Analyzed,2025-02-14
CVE-2025-27146,1.6,4.3,3.1,2.7,3.1,github,Analyzed,2025-02-25
CVE-2025-3193,1.6,7.5,3.1,5.9,3.1,snyk,Modified,2025-09-27
CVE-2025-47937,1.6,5.3,3.1,3.7,3.1,github,Analyzed,2025-05-20
CVE-2025-48379,1.6,5.5,3.1,7.1,3.1,github,Analyzed,2025-07-01
CVE-2025-48985,1.6,5.3,3.1,3.7,3.1,hackerone,Analyzed,2025-11-07
CVE-2025-49011,1.6,5.3,3.1,3.7,3.1,github,Analyzed,2025-06-06
CVE-2025-50151,1.6,8.8,3.1,7.2,3.1,apache,Modified,2025-07-21
CVE-2025-52997,1.6,7.5,3.1,5.9,3.1,github,Modified,2025-06-30
CVE-2025-54265,1.6,7.5,3.1,5.9,3.1,adobe,Analyzed,2025-10-14
CVE-2025-54463,1.6,7.5,3.1,5.9,3.1,mattermost,Analyzed,2025-08-11
CVE-2025-58360,1.6,9.8,3.1,8.2,3.1,github,Analyzed,2025-11-25
CVE-2025-59471,1.6,7.5,3.1,5.9,3.1,hackerone,Analyzed,2026-01-26
CVE-2025-59472,1.6,7.5,3.1,5.9,3.1,hackerone,Analyzed,2026-01-26
CVE-2025-6013,1.6,8.1,3.1,6.5,3.1,hashicorp,Analyzed,2025-08-06
CVE-2025-64434,1.6,6.3,3.1,4.7,3.1,github,Analyzed,2025-11-07
CVE-2025-64763,1.6,5.3,3.1,3.7,3.1,github,Analyzed,2025-12-03
CVE-2025-65025,1.6,9.8,3.1,8.2,3.1,github,Analyzed,2025-11-19
CVE-2025-66468,1.6,6.1,3.1,7.7,3.1,github,Analyzed,2025-12-02
CVE-2025-66560,1.6,7.5,3.1,5.9,3.1,github,Analyzed,2026-01-07
CVE-2026-22036,1.6,7.5,3.1,5.9,3.1,github,Modified,2026-01-14
CVE-2026-22045,1.6,7.5,3.1,5.9,3.1,github,Analyzed,2026-01-15
CVE-2026-23991,1.6,7.5,3.1,5.9,3.1,github,Analyzed,2026-01-22
CVE-2026-23992,1.6,7.5,3.1,5.9,3.1,github,Analyzed,2026-01-22
CVE-2026-24049,1.6,5.5,3.1,7.1,3.1,github,Analyzed,2026-01-22
CVE-2026-26310,1.6,7.5,3.1,5.9,3.1,github,Analyzed,2026-03-10
CVE-2026-27571,1.6,7.5,3.1,5.9,3.1,github,Analyzed,2026-02-24
CVE-2026-27729,1.6,7.5,3.1,5.9,3.1,github,Analyzed,2026-02-24
CVE-2026-29772,1.6,7.5,3.1,5.9,3.1,github,Analyzed,2026-03-24
CVE-2026-29791,1.6,6.5,3.1,4.9,3.1,github,Analyzed,2026-03-06
CVE-2026-30247,1.6,7.5,3.1,5.9,3.1,github,Analyzed,2026-03-07
CVE-2026-31898,1.6,6.5,3.1,8.1,3.1,github,Analyzed,2026-03-18
CVE-2026-3260,1.6,7.5,3.1,5.9,3.1,redhat,Analyzed,2026-03-24
CVE-2026-32716,1.6,6.5,3.1,8.1,3.1,github,Analyzed,2026-03-31
CVE-2026-32727,1.6,6.5,3.1,8.1,3.1,github,Analyzed,2026-03-31
CVE-2026-32770,1.6,7.5,3.1,5.9,3.1,github,Analyzed,2026-03-18
CVE-2026-33319,1.6,7.5,3.1,5.9,3.1,github,Analyzed,2026-03-22
CVE-2026-33490,1.6,5.3,3.1,3.7,3.1,github,Analyzed,2026-03-26
CVE-2026-33989,1.6,6.5,3.1,8.1,3.1,github,Analyzed,2026-03-27
CVE-2026-34043,1.6,7.5,3.1,5.9,3.1,github,Analyzed,2026-03-31
CVE-2026-34166,1.6,5.3,3.1,3.7,3.1,github,Analyzed,2026-04-08
CVE-2026-34203,1.6,4.3,3.1,2.7,3.1,github,Analyzed,2026-03-31
CVE-2026-34236,1.6,9.8,3.1,8.2,3.1,github,Analyzed,2026-04-01
CVE-2026-39844,1.6,7.5,3.1,5.9,3.1,github,Analyzed,2026-04-08
CVE-2024-31990,1.5,6.3,3.1,4.8,3.1,github,Analyzed,2024-04-15
CVE-2024-34693,1.5,5.3,3.1,6.8,3.1,apache,Modified,2024-06-20
CVE-2024-41799,1.5,9.9,3.1,8.4,3.1,github,Analyzed,2024-07-29
CVE-2024-42355,1.5,9.8,3.1,8.3,3.1,github,Analyzed,2024-08-08
CVE-2024-43805,1.5,6.1,3.1,7.6,3.1,github,Analyzed,2024-08-28
CVE-2024-45232,1.5,5.3,3.1,6.8,3.1,mitre,Analyzed,2024-08-29
CVE-2024-4536,1.5,5.3,3.1,6.8,3.1,eclipse,Analyzed,2024-05-07
CVE-2024-52308,1.5,9.6,3.1,8.1,3.1,github,Analyzed,2024-11-14
CVE-2025-24017,1.5,6.1,3.1,7.6,3.1,github,Analyzed,2025-01-21
CVE-2025-27602,1.5,6.4,3.1,4.9,3.1,github,Analyzed,2025-03-11
CVE-2025-30196,1.5,6.5,3.1,8.0,3.1,googlegroups,Analyzed,2025-03-19
CVE-2025-32957,1.5,7.2,3.1,8.7,3.1,github,Analyzed,2026-03-31
CVE-2025-3913,1.5,3.8,3.1,5.3,3.1,mattermost,Analyzed,2025-05-29
CVE-2025-4123,1.5,6.1,3.1,7.6,3.1,grafana,Analyzed,2025-05-22
CVE-2025-46349,1.5,6.1,3.1,7.6,3.1,github,Analyzed,2025-04-29
CVE-2025-52995,1.5,6.6,3.1,8.1,3.1,github,Analyzed,2025-06-30
CVE-2025-53002,1.5,9.8,3.1,8.3,3.1,github,Analyzed,2025-06-26
CVE-2025-64522,1.5,7.6,3.1,9.1,3.1,github,Analyzed,2025-11-10
CVE-2025-64711,1.5,5.4,3.1,3.9,3.1,github,Analyzed,2025-11-13
CVE-2025-64715,1.5,5.5,3.1,4.0,3.1,github,Analyzed,2025-11-29
CVE-2025-65961,1.5,4.8,3.1,3.3,3.1,github,Analyzed,2025-11-25
CVE-2025-66578,1.5,7.5,3.1,6.0,3.1,github,Analyzed,2025-12-09
CVE-2026-24767,1.5,6.4,3.1,4.9,3.1,github,Analyzed,2026-01-28
CVE-2026-27013,1.5,6.1,3.1,7.6,3.1,github,Analyzed,2026-02-19
CVE-2026-31886,1.5,7.6,3.1,9.1,3.1,github,Analyzed,2026-03-13
CVE-2026-32749,1.5,9.1,3.1,7.6,3.1,github,Analyzed,2026-03-19
CVE-2026-33535,1.5,5.5,3.1,4.0,3.1,github,Analyzed,2026-03-26
CVE-2021-27915,1.4,9.0,3.1,7.6,3.1,mautic,Analyzed,2024-09-17
CVE-2024-13918,1.4,6.1,3.1,4.7,3.1,1e3a9e0f-5156-4bf8-b8a3-cc311bfc0f4a,Analyzed,2025-03-10
CVE-2024-13919,1.4,6.1,3.1,4.7,3.1,1e3a9e0f-5156-4bf8-b8a3-cc311bfc0f4a,Analyzed,2025-03-10
CVE-2024-2171,1.4,4.8,3.1,3.4,3.1,huntr,Modified,2024-06-06
CVE-2024-32979,1.4,6.1,3.1,7.5,3.1,github,Analyzed,2024-05-01
CVE-2024-34082,1.4,9.9,3.1,8.5,3.1,github,Analyzed,2024-05-15
CVE-2024-35313,1.4,7.3,3.1,5.9,3.1,mitre,Deferred,2024-05-17
CVE-2024-37182,1.4,6.1,3.1,4.7,3.1,mattermost,Modified,2024-06-14
CVE-2024-37307,1.4,6.5,3.1,7.9,3.1,github,Analyzed,2024-06-13
CVE-2024-39308,1.4,5.4,3.1,6.8,3.1,github,Modified,2024-07-08
CVE-2024-39701,1.4,7.7,3.1,6.3,3.1,github,Analyzed,2024-07-08
CVE-2024-4215,1.4,8.8,3.1,7.4,3.1,f86ef6dc-4d3a-42ad-8f28-e6d5547a5007,Analyzed,2024-05-02
CVE-2024-45967,1.4,4.7,3.1,6.1,3.1,mitre,Analyzed,2024-10-01
CVE-2024-51736,1.4,9.8,3.1,8.4,3.1,github,Analyzed,2024-11-06
CVE-2024-56364,1.4,5.4,3.1,6.8,3.1,github,Deferred,2024-12-23
CVE-2024-8285,1.4,5.9,3.1,7.3,3.1,redhat,Modified,2024-08-30
CVE-2025-54988,1.4,8.4,3.1,9.8,3.1,apache,Modified,2025-08-20
CVE-2025-58759,1.4,6.5,3.1,5.1,3.1,github,Analyzed,2025-09-09
CVE-2025-62595,1.4,6.1,3.1,4.7,3.1,github,Analyzed,2025-10-21
CVE-2025-65958,1.4,7.1,3.1,8.5,3.1,github,Analyzed,2025-12-04
CVE-2026-26017,1.4,6.3,3.1,7.7,3.1,github,Analyzed,2026-03-06
CVE-2026-28513,1.4,7.1,3.1,8.5,3.1,github,Analyzed,2026-03-10
CVE-2026-32246,1.4,7.1,3.1,8.5,3.1,github,Analyzed,2026-03-12
CVE-2026-33747,1.4,9.8,3.1,8.4,3.1,github,Analyzed,2026-03-27
CVE-2026-34529,1.4,9.0,3.1,7.6,3.1,github,Analyzed,2026-04-01
CVE-2022-31669,1.3,7.7,3.1,6.4,3.1,vmware,Analyzed,2024-11-14
CVE-2023-46801,1.3,8.8,3.1,7.5,3.1,apache,Modified,2024-07-15
CVE-2023-49921,1.3,6.5,3.1,5.2,3.1,elastic,Modified,2024-07-26
CVE-2024-10491,1.3,5.3,3.1,4.0,3.1,36c7be3b-2937-45df-85ea-ca7133ea542c,Analyzed,2024-10-29
CVE-2024-24764,1.3,4.8,3.1,3.5,3.1,github,Modified,2024-06-26
CVE-2024-31556,1.3,7.8,3.1,6.5,3.1,mitre,Deferred,2024-05-14
CVE-2024-35312,1.3,6.2,3.1,7.5,3.1,mitre,Deferred,2024-05-17
CVE-2024-3651,1.3,7.5,3.1,6.2,3.1,huntr,Modified,2024-07-07
CVE-2024-41122,1.3,8.8,3.1,7.5,3.1,github,Modified,2024-07-19
CVE-2024-52291,1.3,7.2,3.1,8.5,3.1,github,Analyzed,2024-11-13
CVE-2024-55892,1.3,6.1,3.1,4.8,3.1,github,Analyzed,2025-01-14
CVE-2024-55921,1.3,8.8,3.1,7.5,3.1,github,Analyzed,2025-01-14
CVE-2024-7594,1.3,8.8,3.1,7.5,3.1,hashicorp,Analyzed,2024-09-26
CVE-2025-24357,1.3,8.8,3.1,7.5,3.1,github,Analyzed,2025-01-27
CVE-2025-25068,1.3,8.8,3.1,7.5,3.1,mattermost,Analyzed,2025-03-21
CVE-2025-27819,1.3,7.5,3.1,8.8,3.1,apache,Analyzed,2025-06-10
CVE-2025-30163,1.3,4.7,3.1,3.4,3.1,github,Analyzed,2025-03-24
CVE-2025-32996,1.3,5.3,3.1,4.0,3.1,mitre,Analyzed,2025-04-15
CVE-2025-32997,1.3,5.3,3.1,4.0,3.1,mitre,Analyzed,2025-04-15
CVE-2025-48203,1.3,6.4,3.1,5.1,3.1,mitre,Deferred,2025-05-21
CVE-2025-48432,1.3,5.3,3.1,4.0,3.1,mitre,Analyzed,2025-06-05
CVE-2025-55298,1.3,8.8,3.1,7.5,3.1,github,Modified,2025-08-26
CVE-2025-57803,1.3,8.8,3.1,7.5,3.1,github,Modified,2025-08-26
CVE-2025-58177,1.3,5.4,3.1,4.1,3.1,github,Analyzed,2025-09-15
CVE-2025-59713,1.3,8.1,3.1,6.8,3.1,mitre,Analyzed,2025-09-19
CVE-2025-61674,1.3,4.8,3.1,6.1,3.1,github,Analyzed,2026-01-10
CVE-2025-61676,1.3,4.8,3.1,6.1,3.1,github,Analyzed,2026-01-10
CVE-2025-61916,1.3,6.6,3.1,7.9,3.1,github,Analyzed,2026-01-05
CVE-2025-69263,1.3,8.8,3.1,7.5,3.1,github,Analyzed,2026-01-07
CVE-2025-70559,1.3,6.5,3.1,7.8,3.1,mitre,Deferred,2026-02-03
CVE-2025-8285,1.3,5.3,3.1,4.0,3.1,mattermost,Analyzed,2025-08-11
CVE-2026-25734,1.3,4.8,3.1,6.1,3.1,github,Analyzed,2026-02-25
CVE-2026-25735,1.3,4.8,3.1,6.1,3.1,github,Analyzed,2026-02-25
CVE-2026-25736,1.3,4.8,3.1,6.1,3.1,github,Analyzed,2026-02-25
CVE-2026-26066,1.3,7.5,3.1,6.2,3.1,github,Analyzed,2026-02-24
CVE-2026-26283,1.3,7.5,3.1,6.2,3.1,github,Analyzed,2026-02-24
CVE-2026-28688,1.3,5.3,3.1,4.0,3.1,github,Analyzed,2026-03-10
CVE-2026-29784,1.3,8.8,3.1,7.5,3.1,github,Analyzed,2026-03-07
CVE-2026-32101,1.3,6.3,3.1,7.6,3.1,github,Analyzed,2026-03-11
CVE-2026-32241,1.3,8.8,3.1,7.5,3.1,github,Analyzed,2026-03-27
CVE-2026-33509,1.3,8.8,3.1,7.5,3.1,github,Analyzed,2026-03-24
CVE-2026-33757,1.3,8.3,3.1,9.6,3.1,github,Analyzed,2026-03-27
CVE-2026-33997,1.3,8.1,3.1,6.8,3.1,github,Analyzed,2026-03-31
CVE-2026-34729,1.3,4.8,3.1,6.1,3.1,github,Analyzed,2026-04-02
CVE-2026-34779,1.3,7.8,3.1,6.5,3.1,github,Analyzed,2026-04-04
CVE-2026-4789,1.3,9.8,3.1,8.5,3.1,cert,Analyzed,2026-03-30
CVE-2023-47105,1.2,8.6,3.1,9.8,3.1,mitre,Deferred,2024-09-18
CVE-2024-22278,1.2,4.3,3.1,5.5,3.1,vmware,Modified,2024-08-02
CVE-2024-22588,1.2,6.5,3.1,5.3,3.1,mitre,Deferred,2024-05-24
CVE-2024-29035,1.2,5.3,3.1,4.1,3.1,github,Analyzed,2024-04-17
CVE-2024-29073,1.2,6.5,3.1,5.3,3.1,cisco,Modified,2024-07-22
CVE-2024-29181,1.2,3.5,3.1,2.3,3.1,github,Modified,2024-06-12
CVE-2024-31217,1.2,6.5,3.1,5.3,3.1,github,Modified,2024-06-12
CVE-2024-32035,1.2,6.5,3.1,5.3,3.1,github,Analyzed,2024-04-15
CVE-2024-32036,1.2,6.5,3.1,5.3,3.1,github,Analyzed,2024-04-15
CVE-2024-32152,1.2,4.3,3.1,3.1,3.1,cisco,Modified,2024-07-22
CVE-2024-34146,1.2,6.5,3.1,5.3,3.1,googlegroups,Analyzed,2024-05-02
CVE-2024-34914,1.2,5.3,3.1,6.5,3.1,mitre,Deferred,2024-05-14
CVE-2024-37901,1.2,8.8,3.1,10.0,3.1,github,Analyzed,2024-07-31
CVE-2024-37906,1.2,8.8,3.1,10.0,3.1,github,Analyzed,2024-07-29
CVE-2024-39901,1.2,5.4,3.1,4.2,3.1,github,Modified,2024-07-09
CVE-2024-39943,1.2,8.8,3.1,10.0,3.1,mitre,Modified,2024-07-04
CVE-2024-42369,1.2,5.3,3.1,4.1,3.1,github,Analyzed,2024-08-20
CVE-2024-42490,1.2,7.5,3.1,8.7,3.1,github,Analyzed,2024-08-22
CVE-2024-42513,1.2,5.3,3.1,6.5,3.1,mitre,Analyzed,2025-02-10
CVE-2024-45120,1.2,3.1,3.1,4.3,3.1,adobe,Analyzed,2024-10-10
CVE-2024-45816,1.2,6.5,3.1,7.7,3.1,github,Analyzed,2024-09-17
CVE-2024-46984,1.2,9.8,3.1,8.6,3.1,github,Analyzed,2024-09-19
CVE-2024-46987,1.2,7.7,3.1,6.5,3.1,github,Modified,2024-09-18
CVE-2024-47780,1.2,4.3,3.1,3.1,3.1,github,Analyzed,2024-10-08
CVE-2024-47879,1.2,8.8,3.1,7.6,3.1,github,Analyzed,2024-10-24
CVE-2024-47880,1.2,6.9,3.1,8.1,3.1,github,Analyzed,2024-10-24
CVE-2024-50342,1.2,4.3,3.1,3.1,3.1,github,Analyzed,2024-11-06
CVE-2024-51493,1.2,6.5,3.1,5.3,3.1,github,Analyzed,2024-11-05
CVE-2024-52292,1.2,6.5,3.1,7.7,3.1,github,Analyzed,2024-11-13
CVE-2024-53386,1.2,6.1,3.1,4.9,3.1,mitre,Analyzed,2025-03-03
CVE-2024-5389,1.2,8.1,3.1,9.3,3.1,huntr,Modified,2024-06-09
CVE-2024-55662,1.2,8.8,3.1,10.0,3.1,github,Analyzed,2024-12-12
CVE-2024-55877,1.2,8.8,3.1,10.0,3.1,github,Analyzed,2024-12-12
CVE-2024-5710,1.2,6.5,3.1,5.3,3.1,huntr,Modified,2024-06-27
CVE-2024-58265,1.2,4.3,3.1,3.1,3.1,mitre,Analyzed,2025-07-27
CVE-2024-7096,1.2,5.4,3.1,4.2,3.1,ed10eef1-636d-4fbe-9993-6890dfa878f8,Modified,2025-05-30
CVE-2024-8260,1.2,7.3,3.1,6.1,3.1,tenable,Analyzed,2024-08-30
CVE-2024-9312,1.2,6.4,3.1,7.6,3.1,ubuntu,Analyzed,2024-10-10
CVE-2025-10545,1.2,4.3,3.1,3.1,3.1,mattermost,Analyzed,2025-10-16
CVE-2025-11579,1.2,6.5,3.1,5.3,3.1,mattermost,Analyzed,2025-10-10
CVE-2025-11777,1.2,4.3,3.1,3.1,3.1,mattermost,Analyzed,2025-11-13
CVE-2025-13870,1.2,4.3,3.1,3.1,3.1,mattermost,Analyzed,2025-12-02
CVE-2025-1691,1.2,6.5,3.1,7.7,3.1,mongodb,Analyzed,2025-02-27
CVE-2025-2424,1.2,4.3,3.1,3.1,3.1,mattermost,Analyzed,2025-04-14
CVE-2025-24839,1.2,4.3,3.1,3.1,3.1,mattermost,Analyzed,2025-04-16
CVE-2025-26532,1.2,4.3,3.1,3.1,3.1,puiterwijk,Analyzed,2025-02-24
CVE-2025-27108,1.2,6.1,3.1,7.3,3.1,github,Analyzed,2025-02-21
CVE-2025-2945,1.2,8.8,3.1,10.0,3.1,f86ef6dc-4d3a-42ad-8f28-e6d5547a5007,Analyzed,2025-04-03
CVE-2025-30373,1.2,5.3,3.1,6.5,3.1,github,Analyzed,2025-04-07
CVE-2025-31725,1.2,5.5,3.1,4.3,3.1,googlegroups,Analyzed,2025-04-02
CVE-2025-31726,1.2,5.5,3.1,4.3,3.1,googlegroups,Analyzed,2025-04-02
CVE-2025-31727,1.2,5.5,3.1,4.3,3.1,googlegroups,Analyzed,2025-04-02
CVE-2025-31728,1.2,5.5,3.1,4.3,3.1,googlegroups,Analyzed,2025-04-02
CVE-2025-3611,1.2,4.3,3.1,3.1,3.1,mattermost,Analyzed,2025-05-30
CVE-2025-4128,1.2,4.3,3.1,3.1,3.1,mattermost,Analyzed,2025-06-11
CVE-2025-41423,1.2,4.3,3.1,3.1,3.1,mattermost,Analyzed,2025-04-24
CVE-2025-41436,1.2,4.3,3.1,3.1,3.1,mattermost,Analyzed,2025-11-14
CVE-2025-43954,1.2,6.1,3.1,4.9,3.1,mitre,Analyzed,2025-04-20
CVE-2025-46720,1.2,4.3,3.1,3.1,3.1,github,Analyzed,2025-05-05
CVE-2025-48924,1.2,5.3,3.1,6.5,3.1,apache,Modified,2025-07-11
CVE-2025-49113,1.2,8.8,3.1,10.0,3.1,mitre,Analyzed,2025-06-02
CVE-2025-49139,1.2,6.5,3.1,5.3,3.1,github,Analyzed,2025-06-09
CVE-2025-52996,1.2,4.3,3.1,3.1,3.1,github,Modified,2025-06-30
CVE-2025-53661,1.2,4.3,3.1,3.1,3.1,googlegroups,Modified,2025-07-09
CVE-2025-53836,1.2,8.8,3.1,10.0,3.1,github,Analyzed,2025-07-15
CVE-2025-54478,1.2,5.3,3.1,6.5,3.1,mattermost,Analyzed,2025-08-11
CVE-2025-55191,1.2,5.3,3.1,6.5,3.1,github,Analyzed,2025-09-30
CVE-2025-65110,1.2,9.3,3.1,8.1,3.1,github,Analyzed,2026-01-05
CVE-2025-65955,1.2,6.1,3.1,4.9,3.1,github,Analyzed,2025-12-02
CVE-2025-66307,1.2,5.3,3.1,6.5,3.1,github,Analyzed,2025-12-01
CVE-2025-67849,1.2,6.1,3.1,7.3,3.1,puiterwijk,Analyzed,2026-02-03
CVE-2025-67850,1.2,6.1,3.1,7.3,3.1,puiterwijk,Analyzed,2026-02-03
CVE-2025-68279,1.2,6.5,3.1,7.7,3.1,github,Analyzed,2025-12-18
CVE-2025-68477,1.2,6.5,3.1,7.7,3.1,github,Analyzed,2025-12-19
CVE-2025-68613,1.2,8.8,3.1,10.0,3.1,github,Analyzed,2025-12-19
CVE-2025-7195,1.2,6.4,3.1,5.2,3.1,redhat,Deferred,2025-08-07
CVE-2026-22688,1.2,8.8,3.1,10.0,3.1,github,Analyzed,2026-01-10
CVE-2026-23515,1.2,8.8,3.1,10.0,3.1,github,Analyzed,2026-02-02
CVE-2026-23881,1.2,6.5,3.1,7.7,3.1,github,Analyzed,2026-01-27
CVE-2026-25152,1.2,6.5,3.1,5.3,3.1,github,Analyzed,2026-01-30
CVE-2026-25155,1.2,7.1,3.1,5.9,3.1,github,Analyzed,2026-02-03
CVE-2026-25510,1.2,8.8,3.1,10.0,3.1,github,Analyzed,2026-02-03
CVE-2026-27728,1.2,8.8,3.1,10.0,3.1,github,Analyzed,2026-02-25
CVE-2026-28363,1.2,8.8,3.1,10.0,3.1,mitre,Analyzed,2026-02-27
CVE-2026-29067,1.2,9.3,3.1,8.1,3.1,github,Analyzed,2026-03-07
CVE-2026-29071,1.2,4.3,3.1,3.1,3.1,github,Analyzed,2026-03-27
CVE-2026-2950,1.2,5.3,3.1,6.5,3.1,ce714d77-add3-4f53-aff5-83d477b104bb,Analyzed,2026-03-31
CVE-2026-30861,1.2,8.8,3.1,10.0,3.1,github,Analyzed,2026-03-07
CVE-2026-3105,1.2,8.8,3.1,7.6,3.1,mautic,Analyzed,2026-02-24
CVE-2026-31865,1.2,5.3,3.1,6.5,3.1,github,Analyzed,2026-03-18
CVE-2026-31891,1.2,6.5,3.1,7.7,3.1,github,Analyzed,2026-03-18
CVE-2026-32235,1.2,4.7,3.1,5.9,3.1,github,Analyzed,2026-03-12
CVE-2026-33545,1.2,6.5,3.1,5.3,3.1,github,Analyzed,2026-03-26
CVE-2026-34214,1.2,6.5,3.1,7.7,3.1,github,Analyzed,2026-03-31
CVE-2026-34603,1.2,8.3,3.1,7.1,3.1,github,Analyzed,2026-04-01
CVE-2026-34955,1.2,10.0,3.1,8.8,3.1,github,Analyzed,2026-04-04
CVE-2022-25773,1.1,5.4,3.1,4.3,3.1,mautic,Analyzed,2025-02-26
CVE-2023-7272,1.1,7.5,3.1,8.6,3.1,eclipse,Analyzed,2024-07-17
CVE-2024-3462,1.1,5.4,3.1,6.5,3.1,cert,Deferred,2024-05-14
CVE-2024-34711,1.1,8.2,3.1,9.3,3.1,github,Analyzed,2025-06-10
CVE-2024-36117,1.1,7.5,3.1,8.6,3.1,github,Analyzed,2024-06-19
CVE-2024-37031,1.1,6.1,3.1,7.2,3.1,mitre,Deferred,2024-06-03
CVE-2024-37358,1.1,7.5,3.1,8.6,3.1,apache,Analyzed,2025-02-06
CVE-2024-37897,1.1,5.4,3.1,6.5,3.1,github,Deferred,2024-06-20
CVE-2024-37899,1.1,8.0,3.1,9.1,3.1,github,Analyzed,2024-06-20
CVE-2024-38273,1.1,5.4,3.1,4.3,3.1,puiterwijk,Analyzed,2024-06-18
CVE-2024-38277,1.1,5.4,3.1,6.5,3.1,puiterwijk,Analyzed,2024-06-18
CVE-2024-38286,1.1,7.5,3.1,8.6,3.1,apache,Modified,2024-11-07
CVE-2024-38503,1.1,5.4,3.1,6.5,3.1,apache,Modified,2024-07-22
CVE-2024-39323,1.1,7.1,3.1,8.2,3.1,github,Deferred,2024-07-02
CVE-2024-39903,1.1,7.5,3.1,8.6,3.1,github,Analyzed,2024-07-12
CVE-2024-41811,1.1,3.9,3.1,5.0,3.1,github,Deferred,2024-08-05
CVE-2024-42352,1.1,7.5,3.1,8.6,3.1,github,Analyzed,2024-08-05
CVE-2024-42356,1.1,7.2,3.1,8.3,3.1,github,Analyzed,2024-08-08
CVE-2024-42497,1.1,4.9,3.1,6.0,3.1,mattermost,Analyzed,2024-08-22
CVE-2024-43377,1.1,4.3,3.1,5.4,3.1,github,Analyzed,2024-08-20
CVE-2024-43401,1.1,8.0,3.1,9.1,3.1,github,Analyzed,2024-08-19
CVE-2024-46976,1.1,5.4,3.1,6.5,3.1,github,Analyzed,2024-09-17
CVE-2024-46986,1.1,9.9,3.1,8.8,3.1,github,Modified,2024-09-18
CVE-2024-47003,1.1,6.5,3.1,5.4,3.1,mattermost,Analyzed,2024-09-26
CVE-2024-47526,1.1,2.4,3.1,3.5,3.1,github,Analyzed,2024-10-01
CVE-2024-48926,1.1,3.1,3.1,4.2,3.1,github,Analyzed,2024-10-22
CVE-2024-5165,1.1,5.4,3.1,6.5,3.1,eclipse,Analyzed,2024-05-23
CVE-2024-54128,1.1,4.6,3.1,5.7,3.1,github,Analyzed,2024-12-05
CVE-2024-54141,1.1,7.5,3.1,8.6,3.1,github,Analyzed,2024-12-06
CVE-2024-55894,1.1,5.4,3.1,4.3,3.1,github,Analyzed,2025-01-14
CVE-2024-6382,1.1,7.5,3.1,6.4,3.1,mongodb,Analyzed,2024-07-02
CVE-2025-14273,1.1,8.3,3.1,7.2,3.1,mattermost,Analyzed,2025-12-22
CVE-2025-14573,1.1,2.7,3.1,3.8,3.1,mattermost,Analyzed,2026-02-16
CVE-2025-23025,1.1,8.0,3.1,9.1,3.1,github,Analyzed,2025-01-14
CVE-2025-24787,1.1,7.5,3.1,8.6,3.1,github,Analyzed,2025-02-06
CVE-2025-24790,1.1,5.5,3.1,4.4,3.1,github,Analyzed,2025-01-29
CVE-2025-24791,1.1,5.5,3.1,4.4,3.1,github,Analyzed,2025-01-29
CVE-2025-24794,1.1,7.8,3.1,6.7,3.1,github,Analyzed,2025-01-29
CVE-2025-24795,1.1,5.5,3.1,4.4,3.1,github,Analyzed,2025-01-29
CVE-2025-27089,1.1,4.3,3.1,5.4,3.1,github,Analyzed,2025-02-19
CVE-2025-27933,1.1,4.3,3.1,5.4,3.1,mattermost,Analyzed,2025-03-21
CVE-2025-28254,1.1,5.4,3.1,6.5,3.1,mitre,Analyzed,2025-03-28
CVE-2025-30162,1.1,4.3,3.1,3.2,3.1,github,Analyzed,2025-03-24
CVE-2025-30353,1.1,7.5,3.1,8.6,3.1,github,Analyzed,2025-03-26
CVE-2025-31131,1.1,7.5,3.1,8.6,3.1,github,Analyzed,2025-04-01
CVE-2025-31138,1.1,6.6,3.1,5.5,3.1,github,Analyzed,2025-04-07
CVE-2025-31475,1.1,6.6,3.1,5.5,3.1,github,Analyzed,2025-04-07
CVE-2025-32379,1.1,6.1,3.1,5.0,3.1,github,Analyzed,2025-04-09
CVE-2025-43971,1.1,7.5,3.1,8.6,3.1,mitre,Analyzed,2025-04-21
CVE-2025-47871,1.1,5.4,3.1,4.3,3.1,mattermost,Analyzed,2025-06-30
CVE-2025-47936,1.1,4.4,3.1,3.3,3.1,github,Analyzed,2025-05-20
CVE-2025-48376,1.1,2.4,3.1,3.5,3.1,github,Analyzed,2025-05-23
CVE-2025-49575,1.1,5.4,3.1,6.5,3.1,github,Analyzed,2025-06-12
CVE-2025-49576,1.1,5.4,3.1,6.5,3.1,github,Analyzed,2025-06-12
CVE-2025-49577,1.1,5.4,3.1,6.5,3.1,github,Analyzed,2025-06-12
CVE-2025-49578,1.1,5.4,3.1,6.5,3.1,github,Analyzed,2025-06-12
CVE-2025-61688,1.1,7.5,3.1,8.6,3.1,github,Analyzed,2025-10-13
CVE-2025-62401,1.1,4.3,3.1,5.4,3.1,puiterwijk,Analyzed,2025-10-23
CVE-2025-65956,1.1,5.4,3.1,6.5,3.1,github,Analyzed,2025-11-26
CVE-2025-66648,1.1,6.1,3.1,7.2,3.1,github,Analyzed,2026-01-05
CVE-2025-68614,1.1,5.4,3.1,4.3,3.1,github,Analyzed,2025-12-23
CVE-2025-68664,1.1,8.2,3.1,9.3,3.1,github,Analyzed,2025-12-23
CVE-2026-0999,1.1,4.3,3.1,5.4,3.1,mattermost,Analyzed,2026-02-16
CVE-2026-1707,1.1,6.3,3.1,7.4,3.1,f86ef6dc-4d3a-42ad-8f28-e6d5547a5007,Modified,2026-02-05
CVE-2026-21873,1.1,6.1,3.1,7.2,3.1,github,Analyzed,2026-01-08
CVE-2026-23520,1.1,8.0,3.1,9.1,3.1,github,Analyzed,2026-01-15
CVE-2026-24486,1.1,7.5,3.1,8.6,3.1,github,Analyzed,2026-01-27
CVE-2026-25153,1.1,8.8,3.1,7.7,3.1,github,Analyzed,2026-01-30
CVE-2026-25645,1.1,5.5,3.1,4.4,3.1,github,Analyzed,2026-03-25
CVE-2026-25965,1.1,7.5,3.1,8.6,3.1,github,Analyzed,2026-02-24
CVE-2026-27825,1.1,8.0,3.1,9.1,3.1,github,Analyzed,2026-03-10
CVE-2026-32692,1.1,6.5,3.1,7.6,3.1,ubuntu,Analyzed,2026-03-18
CVE-2026-33030,1.1,9.9,3.1,8.8,3.1,github,Analyzed,2026-03-30
CVE-2026-33166,1.1,7.5,3.1,8.6,3.1,github,Analyzed,2026-03-20
CVE-2026-33216,1.1,7.5,3.1,8.6,3.1,github,Analyzed,2026-03-25
CVE-2026-33354,1.1,6.5,3.1,7.6,3.1,github,Analyzed,2026-03-23
CVE-2026-33502,1.1,8.2,3.1,9.3,3.1,github,Analyzed,2026-03-23
CVE-2026-33513,1.1,7.5,3.1,8.6,3.1,github,Analyzed,2026-03-23
CVE-2026-33661,1.1,7.5,3.1,8.6,3.1,github,Analyzed,2026-03-26
CVE-2026-33726,1.1,4.3,3.1,5.4,3.1,github,Analyzed,2026-03-27
CVE-2026-35540,1.1,6.5,3.1,5.4,3.1,mitre,Analyzed,2026-04-03
CVE-2026-4267,1.1,7.2,3.1,6.1,3.1,wordfence,Awaiting Analysis,2026-03-31
CVE-2021-47621,1.0,7.5,3.1,6.5,3.1,mitre,Deferred,2024-06-21
CVE-2023-6841,1.0,7.5,3.1,6.5,3.1,redhat,Modified,2024-09-10
CVE-2024-10906,1.0,8.1,3.1,7.1,3.1,huntr,Analyzed,2025-03-20
CVE-2024-34065,1.0,8.1,3.1,7.1,3.1,github,Modified,2024-06-12
CVE-2024-34144,1.0,9.8,3.1,8.8,3.1,googlegroups,Analyzed,2024-05-02
CVE-2024-34147,1.0,4.3,3.1,3.3,3.1,googlegroups,Analyzed,2024-05-02
CVE-2024-34352,1.0,7.5,3.1,6.5,3.1,github,Analyzed,2024-05-14
CVE-2024-34715,1.0,3.3,3.1,2.3,3.1,github,Analyzed,2024-05-29
CVE-2024-35515,1.0,9.8,3.1,8.8,3.1,mitre,Deferred,2024-09-18
CVE-2024-36116,1.0,9.8,3.1,8.8,3.1,github,Analyzed,2024-06-19
CVE-2024-36492,1.0,6.4,3.1,7.4,3.1,mattermost,Analyzed,2024-08-01
CVE-2024-37014,1.0,9.8,3.1,8.8,3.1,mitre,Modified,2024-06-10
CVE-2024-37084,1.0,8.8,3.1,9.8,3.1,vmware,Modified,2024-07-25
CVE-2024-38229,1.0,8.1,3.1,7.1,3.1,microsoft,Modified,2024-10-08
CVE-2024-38810,1.0,7.5,3.1,6.5,3.1,vmware,Analyzed,2024-08-20
CVE-2024-39303,1.0,5.4,3.1,4.4,3.1,github,Modified,2024-07-01
CVE-2024-39918,1.0,4.3,3.1,5.3,3.1,github,Deferred,2024-07-15
CVE-2024-42718,1.0,6.5,3.1,7.5,3.1,mitre,Analyzed,2025-12-26
CVE-2024-43376,1.0,5.3,3.1,4.3,3.1,github,Analyzed,2024-08-20
CVE-2024-43598,1.0,8.1,3.1,7.1,3.1,microsoft,Analyzed,2024-11-12
CVE-2024-43709,1.0,7.5,3.1,6.5,3.1,elastic,Modified,2025-01-21
CVE-2024-45201,1.0,8.8,3.1,9.8,3.1,mitre,Analyzed,2024-08-22
CVE-2024-45389,1.0,5.4,3.1,6.4,3.1,github,Analyzed,2024-09-03
CVE-2024-45858,1.0,7.8,3.1,8.8,3.1,6f8de1f0-f67e-45a6-b68f-98777fdb759c,Deferred,2024-09-18
CVE-2024-4990,1.0,9.1,3.1,8.1,3.1,huntr,Analyzed,2025-03-20
CVE-2024-52797,1.0,7.5,3.1,6.5,3.1,github,Modified,2024-11-21
CVE-2024-52979,1.0,7.5,3.1,6.5,3.1,elastic,Analyzed,2025-05-01
CVE-2024-53859,1.0,7.5,3.1,6.5,3.1,github,Analyzed,2024-11-27
CVE-2024-5520,1.0,5.4,3.1,6.4,3.1,incibe,Analyzed,2024-05-30
CVE-2024-57082,1.0,6.5,3.1,7.5,3.1,mitre,Deferred,2025-02-05
CVE-2024-6322,1.0,5.4,3.1,4.4,3.1,grafana,Deferred,2024-08-20
CVE-2025-20621,1.0,7.5,3.1,6.5,3.1,mattermost,Analyzed,2025-01-16
CVE-2025-25500,1.0,7.5,3.1,6.5,3.1,mitre,Analyzed,2025-03-18
CVE-2025-27513,1.0,7.5,3.1,6.5,3.1,github,Deferred,2025-03-05
CVE-2025-27591,1.0,6.8,3.1,7.8,3.1,fb,Analyzed,2025-03-11
CVE-2025-30157,1.0,7.5,3.1,6.5,3.1,github,Analyzed,2025-03-21
CVE-2025-32372,1.0,7.5,3.1,6.5,3.1,github,Analyzed,2025-04-09
CVE-2025-32951,1.0,5.4,3.1,6.4,3.1,github,Analyzed,2025-04-22
CVE-2025-35965,1.0,7.5,3.1,6.5,3.1,mattermost,Analyzed,2025-04-24
CVE-2025-41395,1.0,7.5,3.1,6.5,3.1,mattermost,Analyzed,2025-04-24
CVE-2025-43970,1.0,5.3,3.1,4.3,3.1,mitre,Analyzed,2025-04-21
CVE-2025-46350,1.0,4.8,3.1,3.8,3.1,github,Analyzed,2025-04-29
CVE-2025-46556,1.0,7.5,3.1,6.5,3.1,github,Analyzed,2025-11-04
CVE-2025-46560,1.0,7.5,3.1,6.5,3.1,github,Analyzed,2025-04-30
CVE-2025-48448,1.0,6.5,3.1,7.5,3.1,drupal,Analyzed,2025-06-11
CVE-2025-48953,1.0,6.5,3.1,5.5,3.1,github,Analyzed,2025-06-03
CVE-2025-53092,1.0,6.5,3.1,7.5,3.1,github,Analyzed,2025-10-16
CVE-2025-53655,1.0,5.3,3.1,4.3,3.1,googlegroups,Modified,2025-07-09
CVE-2025-53667,1.0,5.3,3.1,4.3,3.1,googlegroups,Modified,2025-07-09
CVE-2025-53674,1.0,5.3,3.1,4.3,3.1,googlegroups,Modified,2025-07-09
CVE-2025-53677,1.0,5.3,3.1,4.3,3.1,googlegroups,Modified,2025-07-09
CVE-2025-53743,1.0,5.3,3.1,4.3,3.1,googlegroups,Modified,2025-07-09
CVE-2025-55070,1.0,7.5,3.1,6.5,3.1,mattermost,Analyzed,2025-11-14
CVE-2025-55154,1.0,7.8,3.1,8.8,3.1,github,Modified,2025-08-13
CVE-2025-57833,1.0,8.1,3.1,7.1,3.1,mitre,Modified,2025-09-03
CVE-2025-59712,1.0,5.4,3.1,6.4,3.1,mitre,Analyzed,2025-09-19
CVE-2025-62412,1.0,4.8,3.1,3.8,3.1,github,Analyzed,2025-10-16
CVE-2025-64094,1.0,5.4,3.1,6.4,3.1,github,Analyzed,2025-10-28
CVE-2025-66304,1.0,7.2,3.1,6.2,3.1,github,Analyzed,2025-12-01
CVE-2025-67488,1.0,8.8,3.1,7.8,3.1,github,Analyzed,2025-12-09
CVE-2025-67648,1.0,6.1,3.1,7.1,3.1,github,Analyzed,2025-12-11
CVE-2025-67857,1.0,5.3,3.1,4.3,3.1,puiterwijk,Analyzed,2026-02-03
CVE-2025-68472,1.0,9.1,3.1,8.1,3.1,github,Modified,2026-01-12
CVE-2025-68938,1.0,5.3,3.1,4.3,3.1,mitre,Analyzed,2025-12-26
CVE-2025-69264,1.0,9.8,3.1,8.8,3.1,github,Analyzed,2026-01-07
CVE-2026-0528,1.0,7.5,3.1,6.5,3.1,elastic,Analyzed,2026-01-13
CVE-2026-1513,1.0,6.1,3.1,7.1,3.1,navercorp,Analyzed,2026-01-28
CVE-2026-22773,1.0,7.5,3.1,6.5,3.1,github,Analyzed,2026-01-10
CVE-2026-22807,1.0,9.8,3.1,8.8,3.1,github,Analyzed,2026-01-21
CVE-2026-23952,1.0,7.5,3.1,6.5,3.1,github,Analyzed,2026-01-22
CVE-2026-23997,1.0,9.0,3.1,8.0,3.1,github,Analyzed,2026-02-02
CVE-2026-24844,1.0,8.8,3.1,7.8,3.1,github,Analyzed,2026-02-04
CVE-2026-25641,1.0,9.0,3.1,10.0,3.1,github,Analyzed,2026-02-06
CVE-2026-26929,1.0,6.5,3.1,7.5,3.1,apache,Modified,2026-03-17
CVE-2026-27607,1.0,9.1,3.1,8.1,3.1,github,Analyzed,2026-02-25
CVE-2026-27695,1.0,5.3,3.1,4.3,3.1,github,Analyzed,2026-02-25
CVE-2026-27877,1.0,7.5,3.1,6.5,3.1,grafana,Analyzed,2026-03-27
CVE-2026-28279,1.0,8.4,3.1,7.4,3.1,github,Analyzed,2026-02-26
CVE-2026-28512,1.0,6.1,3.1,7.1,3.1,github,Analyzed,2026-03-10
CVE-2026-29188,1.0,8.1,3.1,9.1,3.1,github,Analyzed,2026-03-05
CVE-2026-30225,1.0,4.3,3.1,5.3,3.1,github,Analyzed,2026-03-06
CVE-2026-30855,1.0,8.8,3.1,9.8,3.1,github,Analyzed,2026-03-07
CVE-2026-30859,1.0,6.5,3.1,7.5,3.1,github,Analyzed,2026-03-07
CVE-2026-30931,1.0,7.8,3.1,6.8,3.1,github,Analyzed,2026-03-10
CVE-2026-32320,1.0,7.5,3.1,6.5,3.1,github,Analyzed,2026-03-13
CVE-2026-32734,1.0,6.1,3.1,7.1,3.1,github,Analyzed,2026-03-31
CVE-2026-33125,1.0,8.1,3.1,7.1,3.1,github,Analyzed,2026-03-20
CVE-2026-33223,1.0,5.4,3.1,6.4,3.1,github,Analyzed,2026-03-25
CVE-2026-33246,1.0,5.4,3.1,6.4,3.1,github,Analyzed,2026-03-25
CVE-2026-33281,1.0,7.5,3.1,6.5,3.1,github,Analyzed,2026-03-24
CVE-2026-33283,1.0,7.5,3.1,6.5,3.1,github,Analyzed,2026-03-24
CVE-2026-33493,1.0,8.1,3.1,7.1,3.1,github,Analyzed,2026-03-23
CVE-2026-33675,1.0,5.4,3.1,6.4,3.1,github,Analyzed,2026-03-24
CVE-2026-33679,1.0,7.4,3.1,6.4,3.1,github,Analyzed,2026-03-24
CVE-2026-33680,1.0,6.5,3.1,7.5,3.1,github,Analyzed,2026-03-24
CVE-2026-33943,1.0,9.8,3.1,8.8,3.1,github,Analyzed,2026-03-27
CVE-2026-34040,1.0,7.8,3.1,8.8,3.1,github,Analyzed,2026-03-31
CVE-2026-34569,1.0,9.0,3.1,10.0,3.1,github,Analyzed,2026-04-01
CVE-2026-34571,1.0,9.0,3.1,10.0,3.1,github,Analyzed,2026-04-01
CVE-2026-34939,1.0,7.5,3.1,6.5,3.1,github,Analyzed,2026-04-03
CVE-2026-35167,1.0,8.1,3.1,7.1,3.1,github,Analyzed,2026-04-06
CVE-2026-39395,1.0,5.3,3.1,4.3,3.1,github,Analyzed,2026-04-07
CVE-2026-40093,1.0,8.1,3.1,9.1,3.1,github,Awaiting Analysis,2026-04-09
CVE-2023-48396,0.9,9.1,3.1,8.2,3.1,apache,Analyzed,2024-07-30
CVE-2024-21524,0.9,9.1,3.1,8.2,3.1,snyk,Modified,2024-07-10
CVE-2024-26020,0.9,8.8,3.1,9.7,3.1,cisco,Modified,2024-07-22
CVE-2024-33663,0.9,6.5,3.1,7.4,3.1,mitre,Analyzed,2024-04-26
CVE-2024-34062,0.9,4.8,3.1,3.9,3.1,github,Deferred,2024-05-03
CVE-2024-36694,0.9,7.2,3.1,8.1,3.1,mitre,Analyzed,2024-12-18
CVE-2024-39777,0.9,9.6,3.1,8.7,3.1,mattermost,Analyzed,2024-08-01
CVE-2024-43045,0.9,6.3,3.1,5.4,3.1,googlegroups,Modified,2024-08-07
CVE-2024-45596,0.9,6.5,3.1,7.4,3.1,github,Analyzed,2024-09-10
CVE-2024-45801,0.9,6.1,3.1,7.0,3.1,github,Analyzed,2024-09-16
CVE-2024-46996,0.9,5.4,3.1,6.3,3.1,github,Analyzed,2024-10-24
CVE-2024-47827,0.9,4.8,3.1,5.7,3.1,github,Analyzed,2024-10-28
CVE-2024-52290,0.9,5.4,3.1,6.3,3.1,github,Analyzed,2025-05-14
CVE-2024-53441,0.9,9.1,3.1,8.2,3.1,mitre,Deferred,2024-12-09
CVE-2024-6717,0.9,8.6,3.1,7.7,3.1,hashicorp,Analyzed,2024-07-23
CVE-2025-23207,0.9,7.2,3.1,6.3,3.1,github,Analyzed,2025-01-17
CVE-2025-24786,0.9,9.1,3.1,10.0,3.1,github,Analyzed,2025-02-06
CVE-2025-24964,0.9,8.8,3.1,9.7,3.1,github,Analyzed,2025-02-04
CVE-2025-25297,0.9,7.7,3.1,8.6,3.1,github,Analyzed,2025-02-14
CVE-2025-30220,0.9,9.1,3.1,8.2,3.1,github,Analyzed,2025-06-10
CVE-2025-51489,0.9,5.4,3.1,4.5,3.1,mitre,Analyzed,2025-08-19
CVE-2025-59539,0.9,5.4,3.1,6.3,3.1,github,Analyzed,2025-09-23
CVE-2025-6227,0.9,3.1,3.1,2.2,3.1,mattermost,Analyzed,2025-07-18
CVE-2025-64326,0.9,3.5,3.1,2.6,3.1,github,Analyzed,2025-11-06
CVE-2025-66398,0.9,8.8,3.1,9.7,3.1,github,Analyzed,2026-01-01
CVE-2025-9079,0.9,7.2,3.1,8.1,3.1,mattermost,Analyzed,2025-09-19
CVE-2026-22798,0.9,5.0,3.1,5.9,3.1,github,Analyzed,2026-01-12
CVE-2026-23527,0.9,9.8,3.1,8.9,3.1,github,Modified,2026-01-15
CVE-2026-24123,0.9,6.5,3.1,7.4,3.1,github,Analyzed,2026-01-26
CVE-2026-25478,0.9,6.5,3.1,7.4,3.1,github,Analyzed,2026-02-09
CVE-2026-25881,0.9,10.0,3.1,9.1,3.1,github,Analyzed,2026-02-09
CVE-2026-27702,0.9,9.0,3.1,9.9,3.1,github,Analyzed,2026-02-25
CVE-2026-39429,0.9,9.1,3.1,8.2,3.1,github,Analyzed,2026-04-08
CVE-2023-53156,0.8,5.3,3.1,4.5,3.1,mitre,Analyzed,2025-07-27
CVE-2024-0132,0.8,8.3,3.1,9.1,3.1,nvidia,Analyzed,2024-09-26
CVE-2024-29068,0.8,6.6,3.1,5.8,3.1,ubuntu,Modified,2024-07-25
CVE-2024-29217,0.8,4.6,3.1,5.4,3.1,apache,Analyzed,2024-04-21
CVE-2024-32474,0.8,6.5,3.1,7.3,3.1,github,Analyzed,2024-04-18
CVE-2024-32873,0.8,4.3,3.1,3.5,3.1,github,Modified,2024-06-06
CVE-2024-37286,0.8,6.5,3.1,5.7,3.1,elastic,Analyzed,2024-08-03
CVE-2024-39315,0.8,6.5,3.1,5.7,3.1,github,Analyzed,2024-07-02
CVE-2024-39683,0.8,6.5,3.1,5.7,3.1,github,Analyzed,2024-07-03
CVE-2024-40640,0.8,2.9,3.1,3.7,3.1,github,Deferred,2024-07-17
CVE-2024-46999,0.8,6.5,3.1,7.3,3.1,github,Analyzed,2024-09-20
CVE-2024-47051,0.8,9.9,3.1,9.1,3.1,mautic,Analyzed,2025-02-26
CVE-2024-47836,0.8,4.3,3.1,3.5,3.1,github,Analyzed,2024-10-16
CVE-2024-50611,0.8,7.2,3.1,6.4,3.1,mitre,Deferred,2024-10-27
CVE-2024-51478,0.8,9.1,3.1,9.9,3.1,github,Analyzed,2024-10-31
CVE-2024-56144,0.8,5.4,3.1,4.6,3.1,github,Analyzed,2025-01-16
CVE-2024-8181,0.8,8.1,3.1,7.3,3.1,tenable,Modified,2024-08-27
CVE-2025-23198,0.8,5.4,3.1,4.6,3.1,github,Analyzed,2025-01-16
CVE-2025-23199,0.8,5.4,3.1,4.6,3.1,github,Analyzed,2025-01-16
CVE-2025-23200,0.8,5.4,3.1,4.6,3.1,github,Analyzed,2025-01-16
CVE-2025-24012,0.8,5.4,3.1,4.6,3.1,github,Analyzed,2025-01-21
CVE-2025-29192,0.8,6.1,3.1,5.3,3.1,mitre,Analyzed,2025-10-06
CVE-2025-30351,0.8,4.3,3.1,3.5,3.1,github,Analyzed,2025-03-26
CVE-2025-32426,0.8,5.4,3.1,4.6,3.1,github,Analyzed,2025-04-11
CVE-2025-33245,0.8,8.8,3.1,8.0,3.1,nvidia,Analyzed,2026-02-18
CVE-2025-46549,0.8,6.1,3.1,5.3,3.1,github,Analyzed,2025-04-29
CVE-2025-46550,0.8,6.1,3.1,5.3,3.1,github,Analyzed,2025-04-29
CVE-2025-48067,0.8,4.6,3.1,5.4,3.1,github,Analyzed,2025-06-10
CVE-2025-48447,0.8,7.1,3.1,6.3,3.1,drupal,Analyzed,2025-06-11
CVE-2025-49592,0.8,5.4,3.1,4.6,3.1,github,Analyzed,2025-06-26
CVE-2025-49810,0.8,4.3,3.1,3.5,3.1,mattermost,Analyzed,2025-08-21
CVE-2025-50181,0.8,6.1,3.1,5.3,3.1,github,Modified,2025-06-19
CVE-2025-50182,0.8,6.1,3.1,5.3,3.1,github,Modified,2025-06-19
CVE-2025-52662,0.8,6.1,3.1,6.9,3.1,hackerone,Analyzed,2025-11-07
CVE-2025-55160,0.8,5.3,3.1,6.1,3.1,github,Analyzed,2025-08-13
CVE-2025-59035,0.8,5.4,3.1,4.6,3.1,github,Analyzed,2025-09-10
CVE-2025-62594,0.8,5.5,3.1,4.7,3.1,github,Analyzed,2025-10-27
CVE-2025-6264,0.8,5.5,3.1,4.7,3.1,rapid7,Modified,2025-06-20
CVE-2025-64512,0.8,7.8,3.1,8.6,3.1,github,Modified,2025-11-10
CVE-2025-64746,0.8,5.4,3.1,4.6,3.1,github,Analyzed,2025-11-13
CVE-2025-65105,0.8,5.3,3.1,4.5,3.1,github,Analyzed,2025-12-02
CVE-2026-28413,0.8,6.1,3.1,5.3,3.1,github,Analyzed,2026-03-05
CVE-2026-28787,0.8,9.0,3.1,8.2,3.1,github,Analyzed,2026-03-06
CVE-2026-30867,0.8,6.5,3.1,5.7,3.1,github,Analyzed,2026-04-02
CVE-2026-30974,0.8,5.4,3.1,4.6,3.1,github,Analyzed,2026-03-10
CVE-2026-31863,0.8,4.4,3.1,3.6,3.1,github,Analyzed,2026-03-11
CVE-2026-34383,0.8,3.5,3.1,4.3,3.1,github,Analyzed,2026-03-31
CVE-2026-34446,0.8,5.5,3.1,4.7,3.1,github,Analyzed,2026-04-01
CVE-2026-34572,0.8,8.8,3.1,8.0,3.1,github,Analyzed,2026-04-01
CVE-2026-34733,0.8,7.3,3.1,6.5,3.1,github,Analyzed,2026-03-31
CVE-2026-35044,0.8,9.6,3.1,8.8,3.1,github,Analyzed,2026-04-06
CVE-2018-25111,0.7,4.4,3.1,5.1,3.1,mitre,Analyzed,2025-05-31
CVE-2024-0133,0.7,3.4,3.1,4.1,3.1,nvidia,Analyzed,2024-09-26
CVE-2024-11319,0.7,4.8,3.1,5.5,3.1,gov,Modified,2024-11-18
CVE-2024-1440,0.7,6.1,3.1,5.4,3.1,ed10eef1-636d-4fbe-9993-6890dfa878f8,Analyzed,2025-06-02
CVE-2024-21514,0.7,8.1,3.1,7.4,3.1,snyk,Modified,2024-06-22
CVE-2024-27448,0.7,9.1,3.1,9.8,3.1,mitre,Deferred,2024-04-05
CVE-2024-29198,0.7,8.2,3.1,7.5,3.1,github,Analyzed,2025-06-10
CVE-2024-29392,0.7,5.4,3.1,6.1,3.1,mitre,Analyzed,2024-05-22
CVE-2024-33669,0.7,6.8,3.1,6.1,3.1,mitre,Analyzed,2024-04-26
CVE-2024-34243,0.7,5.4,3.1,6.1,3.1,mitre,Analyzed,2024-05-14
CVE-2024-34899,0.7,5.4,3.1,6.1,3.1,mitre,Analyzed,2024-05-14
CVE-2024-36129,0.7,7.5,3.1,8.2,3.1,github,Modified,2024-06-05
CVE-2024-36265,0.7,9.8,3.1,9.1,3.1,apache.org,Modified,2024-06-12
CVE-2024-36676,0.7,7.5,3.1,8.2,3.1,mitre,Deferred,2024-07-09
CVE-2024-38365,0.7,8.1,3.1,7.4,3.1,github,Analyzed,2024-10-11
CVE-2024-39124,0.7,5.4,3.1,6.1,3.1,mitre,Modified,2024-07-17
CVE-2024-39125,0.7,5.4,3.1,6.1,3.1,mitre,Modified,2024-07-17
CVE-2024-39126,0.7,5.4,3.1,6.1,3.1,mitre,Modified,2024-07-17
CVE-2024-39696,0.7,8.1,3.1,8.8,3.1,github,Analyzed,2024-07-05
CVE-2024-41657,0.7,8.8,3.1,8.1,3.1,github,Analyzed,2024-08-20
CVE-2024-41675,0.7,6.1,3.1,6.8,3.1,github,Analyzed,2024-08-21
CVE-2024-41676,0.7,4.8,3.1,4.1,3.1,github,Modified,2024-07-29
CVE-2024-43437,0.7,6.1,3.1,5.4,3.1,puiterwijk,Analyzed,2024-11-11
CVE-2024-43439,0.7,6.1,3.1,5.4,3.1,puiterwijk,Analyzed,2024-11-11
CVE-2024-45047,0.7,6.1,3.1,5.4,3.1,github,Analyzed,2024-08-30
CVE-2024-45406,0.7,4.8,3.1,5.5,3.1,github,Analyzed,2024-09-09
CVE-2024-47050,0.7,6.1,3.1,5.4,3.1,mautic,Analyzed,2024-09-18
CVE-2024-47881,0.7,8.8,3.1,8.1,3.1,github,Analyzed,2024-10-24
CVE-2024-48910,0.7,9.8,3.1,9.1,3.1,github,Modified,2024-10-31
CVE-2024-50637,0.7,5.4,3.1,6.1,3.1,mitre,Analyzed,2024-11-06
CVE-2024-53900,0.7,9.1,3.1,9.8,3.1,mitre,Analyzed,2024-12-02
CVE-2024-53999,0.7,5.4,3.1,6.1,3.1,github,Analyzed,2024-12-03
CVE-2024-57086,0.7,7.5,3.1,8.2,3.1,mitre,Deferred,2025-02-05
CVE-2024-58136,0.7,9.8,3.1,9.1,3.1,mitre,Analyzed,2025-04-10
CVE-2024-6578,0.7,5.4,3.1,6.1,3.1,huntr,Modified,2024-07-29
CVE-2024-7558,0.7,8.0,3.1,8.7,3.1,ubuntu,Analyzed,2024-10-02
CVE-2024-8053,0.7,8.2,3.1,7.5,3.1,huntr,Modified,2025-03-20
CVE-2024-9440,0.7,6.1,3.1,5.4,3.1,vulncheck,Analyzed,2024-10-02
CVE-2025-12762,0.7,9.8,3.1,9.1,3.1,f86ef6dc-4d3a-42ad-8f28-e6d5547a5007,Modified,2025-11-13
CVE-2025-23061,0.7,9.8,3.1,9.1,3.1,mitre,Analyzed,2025-01-15
CVE-2025-23201,0.7,6.1,3.1,5.4,3.1,github,Analyzed,2025-01-16
CVE-2025-24353,0.7,4.3,3.1,5.0,3.1,github,Analyzed,2025-01-23
CVE-2025-27590,0.7,9.8,3.1,9.1,3.1,mitre,Analyzed,2025-03-03
CVE-2025-43972,0.7,7.5,3.1,6.8,3.1,mitre,Analyzed,2025-04-21
CVE-2025-47110,0.7,8.4,3.1,9.1,3.1,adobe,Analyzed,2025-06-10
CVE-2025-47948,0.7,7.2,3.1,6.5,3.1,github,Deferred,2025-05-17
CVE-2025-48936,0.7,8.8,3.1,8.1,3.1,github,Analyzed,2025-05-30
CVE-2025-54423,0.7,6.1,3.1,5.4,3.1,github,Analyzed,2025-07-28
CVE-2025-58179,0.7,6.5,3.1,7.2,3.1,github,Analyzed,2025-09-05
CVE-2025-62156,0.7,8.8,3.1,8.1,3.1,github,Analyzed,2025-10-14
CVE-2025-62411,0.7,4.8,3.1,5.5,3.1,github,Analyzed,2025-10-16
CVE-2025-62783,0.7,4.3,3.1,5.0,3.1,github,Analyzed,2025-10-27
CVE-2025-63644,0.7,5.4,3.1,6.1,3.1,mitre,Analyzed,2026-01-14
CVE-2025-64101,0.7,8.8,3.1,8.1,3.1,github,Analyzed,2025-10-29
CVE-2025-64496,0.7,8.0,3.1,7.3,3.1,github,Analyzed,2025-11-08
CVE-2025-65019,0.7,6.1,3.1,5.4,3.1,github,Analyzed,2025-11-19
CVE-2025-67494,0.7,8.6,3.1,9.3,3.1,github,Analyzed,2025-12-09
CVE-2025-67502,0.7,6.1,3.1,5.4,3.1,github,Analyzed,2025-12-10
CVE-2025-67855,0.7,6.1,3.1,5.4,3.1,puiterwijk,Analyzed,2026-02-03
CVE-2025-68129,0.7,7.5,3.1,6.8,3.1,github,Analyzed,2025-12-17
CVE-2025-68951,0.7,6.1,3.1,5.4,3.1,github,Analyzed,2025-12-29
CVE-2026-25150,0.7,10.0,3.1,9.3,3.1,github,Analyzed,2026-02-03
CVE-2026-25228,0.7,4.3,3.1,5.0,3.1,github,Analyzed,2026-02-02
CVE-2026-25755,0.7,8.8,3.1,8.1,3.1,github,Analyzed,2026-02-19
CVE-2026-26308,0.7,8.2,3.1,7.5,3.1,github,Analyzed,2026-03-10
CVE-2026-26963,0.7,5.4,3.1,6.1,3.1,github,Analyzed,2026-02-20
CVE-2026-27699,0.7,9.8,3.1,9.1,3.1,github,Analyzed,2026-02-25
CVE-2026-27700,0.7,7.5,3.1,8.2,3.1,github,Analyzed,2026-02-25
CVE-2026-27829,0.7,7.2,3.1,6.5,3.1,github,Analyzed,2026-02-26
CVE-2026-27948,0.7,6.1,3.1,5.4,3.1,github,Analyzed,2026-02-26
CVE-2026-28338,0.7,6.1,3.1,6.8,3.1,github,Analyzed,2026-02-27
CVE-2026-30851,0.7,8.8,3.1,8.1,3.1,github,Analyzed,2026-03-07
CVE-2026-30937,0.7,6.1,3.1,6.8,3.1,github,Analyzed,2026-03-10
CVE-2026-3108,0.7,8.8,3.1,8.1,3.1,mattermost,Analyzed,2026-03-26
CVE-2026-3121,0.7,7.2,3.1,6.5,3.1,redhat,Modified,2026-03-26
CVE-2026-31839,0.7,7.5,3.1,8.2,3.1,github,Analyzed,2026-03-11
CVE-2026-32109,0.7,4.4,3.1,3.7,3.1,github,Analyzed,2026-03-11
CVE-2026-32811,0.7,7.5,3.1,8.2,3.1,github,Analyzed,2026-03-20
CVE-2026-33010,0.7,8.8,3.1,8.1,3.1,github,Analyzed,2026-03-20
CVE-2026-33294,0.7,4.3,3.1,5.0,3.1,github,Analyzed,2026-03-22
CVE-2026-33488,0.7,8.1,3.1,7.4,3.1,github,Analyzed,2026-03-23
CVE-2026-33649,0.7,8.8,3.1,8.1,3.1,github,Analyzed,2026-03-23
CVE-2026-33651,0.7,8.8,3.1,8.1,3.1,github,Analyzed,2026-03-23
CVE-2026-34761,0.7,6.5,3.1,5.8,3.1,github,Analyzed,2026-04-02
CVE-2022-25774,0.6,5.4,3.1,4.8,3.1,mautic,Analyzed,2024-09-18
CVE-2022-25775,0.6,7.2,3.1,6.6,3.1,mautic,Analyzed,2024-09-18
CVE-2023-1521,0.6,7.8,3.1,8.4,3.1,mozilla,Analyzed,2024-11-26
CVE-2023-1907,0.6,7.5,3.1,8.1,3.1,redhat,Analyzed,2025-01-09
CVE-2024-11718,0.6,5.4,3.1,4.8,3.1,wpscan,Analyzed,2025-05-15
CVE-2024-21519,0.6,7.2,3.1,6.6,3.1,snyk,Modified,2024-06-22
CVE-2024-27095,0.6,4.8,3.1,5.4,3.1,github,Modified,2024-07-10
CVE-2024-27137,0.6,5.3,3.1,5.9,3.1,apache,Analyzed,2025-02-04
CVE-2024-32939,0.6,3.7,3.1,4.3,3.1,mattermost,Analyzed,2024-08-22
CVE-2024-35218,0.6,4.8,3.1,4.2,3.1,github,Analyzed,2024-05-21
CVE-2024-39910,0.6,4.8,3.1,5.4,3.1,github,Analyzed,2024-09-16
CVE-2024-39919,0.6,3.1,3.1,3.7,3.1,github,Deferred,2024-07-15
CVE-2024-40625,0.6,4.9,3.1,5.5,3.1,github,Analyzed,2025-06-10
CVE-2024-40648,0.6,5.4,3.1,4.8,3.1,github,Deferred,2024-07-18
CVE-2024-42354,0.6,5.9,3.1,5.3,3.1,github,Analyzed,2024-08-08
CVE-2024-43428,0.6,7.1,3.1,7.7,3.1,puiterwijk,Analyzed,2024-11-07
CVE-2024-43497,0.6,7.8,3.1,8.4,3.1,microsoft,Analyzed,2024-10-08
CVE-2024-45964,0.6,4.8,3.1,5.4,3.1,mitre,Analyzed,2024-10-02
CVE-2024-45965,0.6,5.4,3.1,4.8,3.1,mitre,Analyzed,2024-10-02
CVE-2024-47000,0.6,7.5,3.1,8.1,3.1,github,Analyzed,2024-09-20
CVE-2024-48987,0.6,6.6,3.1,7.2,3.1,mitre,Analyzed,2024-10-11
CVE-2024-49377,0.6,6.1,3.1,5.5,3.1,github,Analyzed,2024-11-05
CVE-2024-53899,0.6,7.8,3.1,8.4,3.1,mitre,Analyzed,2024-11-24
CVE-2024-56140,0.6,6.5,3.1,5.9,3.1,github,Analyzed,2024-12-18
CVE-2024-6535,0.6,5.3,3.1,5.9,3.1,redhat,Modified,2024-07-17
CVE-2024-6783,0.6,4.8,3.1,4.2,3.1,36c7be3b-2937-45df-85ea-ca7133ea542c,Deferred,2024-07-23
CVE-2024-8184,0.6,6.5,3.1,5.9,3.1,eclipse,Modified,2024-10-14
CVE-2025-0509,0.6,6.8,3.1,7.4,3.1,puiterwijk,Analyzed,2025-02-04
CVE-2025-13324,0.6,3.7,3.1,4.3,3.1,mattermost,Analyzed,2025-12-17
CVE-2025-21171,0.6,7.5,3.1,8.1,3.1,microsoft,Analyzed,2025-01-14
CVE-2025-27715,0.6,2.7,3.1,3.3,3.1,mattermost,Analyzed,2025-03-21
CVE-2025-27936,0.6,5.9,3.1,5.3,3.1,mattermost,Analyzed,2025-04-16
CVE-2025-29891,0.6,4.8,3.1,4.2,3.1,apache,Analyzed,2025-03-12
CVE-2025-30359,0.6,5.9,3.1,5.3,3.1,github,Analyzed,2025-06-03
CVE-2025-37731,0.6,7.4,3.1,6.8,3.1,elastic,Analyzed,2025-12-15
CVE-2025-54499,0.6,3.7,3.1,3.1,3.1,mattermost,Analyzed,2025-10-16
CVE-2025-54586,0.6,6.5,3.1,7.1,3.1,github,Analyzed,2025-07-30
CVE-2025-59941,0.6,6.5,3.1,5.9,3.1,github,Analyzed,2025-09-29
CVE-2025-66626,0.6,7.5,3.1,8.1,3.1,github,Analyzed,2025-12-09
CVE-2025-66627,0.6,7.8,3.1,8.4,3.1,github,Analyzed,2025-12-09
CVE-2025-67737,0.6,3.7,3.1,3.1,3.1,github,Analyzed,2025-12-12
CVE-2025-69257,0.6,6.7,3.1,7.3,3.1,github,Deferred,2025-12-30
CVE-2026-24884,0.6,7.8,3.1,8.4,3.1,github,Analyzed,2026-02-04
CVE-2026-25129,0.6,7.3,3.1,6.7,3.1,github,Analyzed,2026-01-30
CVE-2026-26280,0.6,7.8,3.1,8.4,3.1,github,Analyzed,2026-02-19
CVE-2026-27482,0.6,6.5,3.1,5.9,3.1,github,Analyzed,2026-02-21
CVE-2026-29778,0.6,6.5,3.1,7.1,3.1,github,Analyzed,2026-03-07
CVE-2026-30857,0.6,5.3,3.1,5.9,3.1,github,Analyzed,2026-03-07
CVE-2026-33154,0.6,8.1,3.1,7.5,3.1,github,Analyzed,2026-03-20
CVE-2026-33217,0.6,6.5,3.1,7.1,3.1,github,Analyzed,2026-03-25
CVE-2026-33252,0.6,6.5,3.1,7.1,3.1,github,Analyzed,2026-03-24
CVE-2026-33723,0.6,6.5,3.1,7.1,3.1,github,Analyzed,2026-03-23
CVE-2026-34728,0.6,8.1,3.1,8.7,3.1,github,Analyzed,2026-04-02
CVE-2026-34767,0.6,6.5,3.1,5.9,3.1,github,Analyzed,2026-04-04
CVE-2022-25768,0.5,6.5,3.1,7.0,3.1,mautic,Analyzed,2024-09-18
CVE-2024-10452,0.5,2.7,3.1,2.2,3.1,grafana,Analyzed,2024-10-29
CVE-2024-25621,0.5,7.8,3.1,7.3,3.1,github,Analyzed,2025-11-06
CVE-2024-29028,0.5,5.3,3.1,5.8,3.1,github,Analyzed,2024-04-19
CVE-2024-29030,0.5,5.3,3.1,5.8,3.1,github,Analyzed,2024-04-19
CVE-2024-32877,0.5,4.7,3.1,4.2,3.1,github,Analyzed,2024-05-30
CVE-2024-32965,0.5,8.6,3.1,8.1,3.1,github,Analyzed,2024-11-26
CVE-2024-34346,0.5,9.0,3.1,8.5,3.1,github,Analyzed,2024-05-07
CVE-2024-36287,0.5,3.3,3.1,3.8,3.1,mattermost,Modified,2024-06-14
CVE-2024-41888,0.5,5.3,3.1,4.8,3.1,apache,Modified,2024-08-12
CVE-2024-41890,0.5,5.3,3.1,4.8,3.1,apache,Modified,2024-08-12
CVE-2024-45041,0.5,8.8,3.1,8.3,3.1,github,Analyzed,2024-09-09
CVE-2024-45398,0.5,8.8,3.1,8.3,3.1,github,Analyzed,2024-09-17
CVE-2024-45401,0.5,7.1,3.1,7.6,3.1,github,Analyzed,2024-09-05
CVE-2024-45607,0.5,5.3,3.1,5.8,3.1,github,Analyzed,2024-09-12
CVE-2024-45794,0.5,8.8,3.1,8.3,3.1,github,Analyzed,2024-11-07
CVE-2024-45811,0.5,4.8,3.1,5.3,3.1,github,Deferred,2024-09-17
CVE-2024-47885,0.5,5.4,3.1,5.9,3.1,github,Analyzed,2024-10-14
CVE-2024-53382,0.5,5.4,3.1,4.9,3.1,mitre,Analyzed,2025-03-03
CVE-2024-6104,0.5,5.5,3.1,6.0,3.1,hashicorp,Modified,2024-06-24
CVE-2024-8372,0.5,4.3,3.1,4.8,3.1,36c7be3b-2937-45df-85ea-ca7133ea542c,Modified,2024-09-09
CVE-2024-8373,0.5,4.3,3.1,4.8,3.1,36c7be3b-2937-45df-85ea-ca7133ea542c,Modified,2024-09-09
CVE-2024-8975,0.5,7.8,3.1,7.3,3.1,grafana,Analyzed,2024-09-25
CVE-2024-8996,0.5,7.8,3.1,7.3,3.1,grafana,Analyzed,2024-09-25
CVE-2025-11695,0.5,7.5,3.1,8.0,3.1,mongodb,Analyzed,2025-10-13
CVE-2025-23041,0.5,5.3,3.1,5.8,3.1,github,Analyzed,2025-01-14
CVE-2025-24788,0.5,5.5,3.1,5.0,3.1,github,Analyzed,2025-01-29
CVE-2025-27538,0.5,2.7,3.1,2.2,3.1,mattermost,Analyzed,2025-04-16
CVE-2025-27892,0.5,6.8,3.1,7.3,3.1,mitre,Analyzed,2025-04-15
CVE-2025-31947,0.5,5.3,3.1,5.8,3.1,mattermost,Analyzed,2025-05-15
CVE-2025-33253,0.5,7.3,3.1,7.8,3.1,nvidia,Analyzed,2026-02-18
CVE-2025-51586,0.5,3.7,3.1,4.2,3.1,mitre,Analyzed,2025-09-08
CVE-2025-53967,0.5,8.0,3.1,7.5,3.1,mitre,Deferred,2025-10-08
CVE-2025-55074,0.5,3.5,3.1,3.0,3.1,mattermost,Analyzed,2025-11-18
CVE-2025-61687,0.5,8.8,3.1,8.3,3.1,github,Analyzed,2025-10-06
CVE-2025-61780,0.5,5.3,3.1,5.8,3.1,github,Analyzed,2025-10-10
CVE-2025-61784,0.5,8.1,3.1,7.6,3.1,github,Analyzed,2025-10-07
CVE-2025-64708,0.5,5.3,3.1,5.8,3.1,github,Analyzed,2025-11-19
CVE-2025-67644,0.5,7.8,3.1,7.3,3.1,github,Analyzed,2025-12-11
CVE-2025-68665,0.5,9.1,3.1,8.6,3.1,github,Analyzed,2025-12-23
CVE-2025-68945,0.5,5.3,3.1,5.8,3.1,mitre,Analyzed,2025-12-26
CVE-2026-0980,0.5,8.8,3.1,8.3,3.1,redhat,Modified,2026-02-27
CVE-2026-21859,0.5,5.3,3.1,5.8,3.1,github,Analyzed,2026-01-08
CVE-2026-22596,0.5,7.2,3.1,6.7,3.1,github,Analyzed,2026-01-10
CVE-2026-22772,0.5,5.3,3.1,5.8,3.1,github,Analyzed,2026-01-12
CVE-2026-24846,0.5,5.0,3.1,5.5,3.1,github,Analyzed,2026-01-29
CVE-2026-26989,0.5,4.8,3.1,4.3,3.1,github,Analyzed,2026-02-20
CVE-2026-27593,0.5,8.8,3.1,9.3,3.1,github,Analyzed,2026-02-24
CVE-2026-28500,0.5,9.1,3.1,8.6,3.1,github,Analyzed,2026-03-18
CVE-2026-30869,0.5,9.8,3.1,9.3,3.1,github,Analyzed,2026-03-10
CVE-2026-3113,0.5,5.5,3.1,5.0,3.1,mattermost,Analyzed,2026-03-26
CVE-2026-33623,0.5,7.2,3.1,6.7,3.1,github,Analyzed,2026-03-26
CVE-2026-34524,0.5,8.8,3.1,8.3,3.1,github,Analyzed,2026-04-02
CVE-2026-35394,0.5,8.8,3.1,8.3,3.1,github,Analyzed,2026-04-06
CVE-2024-27609,0.4,6.5,3.1,6.1,3.1,mitre,Deferred,2024-04-01
CVE-2024-34696,0.4,4.9,3.1,4.5,3.1,github,Modified,2024-07-01
CVE-2024-36115,0.4,7.1,3.1,7.5,3.1,github,Deferred,2024-06-19
CVE-2024-36120,0.4,7.8,3.1,8.2,3.1,github,Analyzed,2024-05-31
CVE-2024-36400,0.4,9.8,3.1,9.4,3.1,github,Modified,2024-06-04
CVE-2024-41815,0.4,7.0,3.1,7.4,3.1,github,Modified,2024-07-26
CVE-2024-43405,0.4,7.8,3.1,7.4,3.1,github,Analyzed,2024-09-04
CVE-2024-45853,0.4,7.5,3.1,7.1,3.1,6f8de1f0-f67e-45a6-b68f-98777fdb759c,Analyzed,2024-09-12
CVE-2024-45854,0.4,7.5,3.1,7.1,3.1,6f8de1f0-f67e-45a6-b68f-98777fdb759c,Analyzed,2024-09-12
CVE-2024-45855,0.4,7.5,3.1,7.1,3.1,6f8de1f0-f67e-45a6-b68f-98777fdb759c,Analyzed,2024-09-12
CVE-2024-48909,0.4,2.4,3.1,2.0,3.1,github,Analyzed,2024-10-14
CVE-2025-30355,0.4,7.5,3.1,7.1,3.1,github,Analyzed,2025-03-27
CVE-2025-32783,0.4,4.3,3.1,4.7,3.1,github,Analyzed,2025-04-16
CVE-2025-46342,0.4,8.2,3.1,8.6,3.1,github,Analyzed,2025-04-30
CVE-2025-46343,0.4,5.4,3.1,5.0,3.1,github,Analyzed,2025-04-29
CVE-2025-46656,0.4,3.3,3.1,2.9,3.1,mitre,Analyzed,2025-04-26
CVE-2025-48202,0.4,5.3,3.1,4.9,3.1,mitre,Deferred,2025-05-21
CVE-2025-59821,0.4,6.1,3.1,6.5,3.1,github,Analyzed,2025-09-23
CVE-2025-68941,0.4,5.3,3.1,4.9,3.1,mitre,Analyzed,2025-12-26
CVE-2026-1709,0.4,9.8,3.1,9.4,3.1,redhat,Analyzed,2026-02-06
CVE-2026-22031,0.4,8.8,3.1,8.4,3.1,github,Analyzed,2026-01-19
CVE-2026-22545,0.4,3.5,3.1,3.1,3.1,mattermost,Analyzed,2026-03-16
CVE-2026-2456,0.4,5.7,3.1,5.3,3.1,mattermost,Analyzed,2026-03-16
CVE-2026-25576,0.4,5.5,3.1,5.1,3.1,github,Analyzed,2026-02-24
CVE-2026-25797,0.4,5.3,3.1,5.7,3.1,github,Analyzed,2026-02-24
CVE-2026-27487,0.4,8.0,3.1,7.6,3.1,github,Analyzed,2026-02-21
CVE-2026-27656,0.4,6.1,3.1,5.7,3.1,mattermost,Analyzed,2026-03-25
CVE-2026-27799,0.4,4.4,3.1,4.0,3.1,github,Analyzed,2026-02-26
CVE-2026-27838,0.4,3.5,3.1,3.1,3.1,github,Analyzed,2026-02-26
CVE-2026-28367,0.4,9.1,3.1,8.7,3.1,redhat,Analyzed,2026-03-27
CVE-2026-28368,0.4,9.1,3.1,8.7,3.1,redhat,Analyzed,2026-03-27
CVE-2026-28369,0.4,9.1,3.1,8.7,3.1,redhat,Analyzed,2026-03-27
CVE-2026-28415,0.4,4.7,3.1,4.3,3.1,github,Analyzed,2026-02-27
CVE-2026-28416,0.4,8.6,3.1,8.2,3.1,github,Analyzed,2026-02-27
CVE-2026-28690,0.4,6.5,3.1,6.9,3.1,github,Analyzed,2026-03-10
CVE-2026-32103,0.4,7.2,3.1,6.8,3.1,github,Analyzed,2026-03-11
CVE-2026-33536,0.4,4.7,3.1,5.1,3.1,github,Analyzed,2026-03-26
CVE-2026-33945,0.4,9.6,3.1,10.0,3.1,github,Analyzed,2026-03-27
CVE-2026-34585,0.4,8.2,3.1,8.6,3.1,github,Analyzed,2026-03-31
CVE-2026-39397,0.4,9.8,3.1,9.4,3.1,github,Analyzed,2026-04-07
CVE-2022-25770,0.3,7.5,3.1,7.8,3.1,mautic,Analyzed,2024-09-18
CVE-2022-31668,0.3,7.7,3.1,7.4,3.1,vmware,Analyzed,2024-11-14
CVE-2023-49781,0.3,7.6,3.1,7.3,3.1,github,Analyzed,2024-05-14
CVE-2023-50717,0.3,5.4,3.1,5.7,3.1,github,Analyzed,2024-05-14
CVE-2024-10082,0.3,9.0,3.1,8.7,3.1,85b1779b-6ecd-4f52-bcc5-73eac4659dcf,Analyzed,2024-11-06
CVE-2024-27349,0.3,9.1,3.1,8.8,3.1,apache,Analyzed,2024-04-22
CVE-2024-38002,0.3,8.8,3.1,9.1,3.1,liferay,Modified,2024-10-22
CVE-2024-38529,0.3,8.8,3.1,9.1,3.1,github,Analyzed,2024-07-29
CVE-2024-39690,0.3,8.8,3.1,8.5,3.1,github,Modified,2024-08-20
CVE-2024-42487,0.3,4.3,3.1,4.0,3.1,github,Analyzed,2024-08-15
CVE-2024-43044,0.3,8.8,3.1,9.1,3.1,googlegroups,Modified,2024-08-07
CVE-2024-43379,0.3,3.1,3.1,3.4,3.1,github,Analyzed,2024-08-19
CVE-2024-43788,0.3,6.1,3.1,6.4,3.1,github,Modified,2024-08-27
CVE-2024-43796,0.3,4.7,3.1,5.0,3.1,github,Analyzed,2024-09-10
CVE-2024-43799,0.3,4.7,3.1,5.0,3.1,github,Modified,2024-09-10
CVE-2024-43800,0.3,4.7,3.1,5.0,3.1,github,Analyzed,2024-09-10
CVE-2024-47060,0.3,6.5,3.1,6.8,3.1,github,Analyzed,2024-09-20
CVE-2024-47068,0.3,6.1,3.1,6.4,3.1,github,Modified,2024-09-23
CVE-2024-47075,0.3,6.1,3.1,6.4,3.1,github,Analyzed,2024-09-26
CVE-2024-52602,0.3,5.3,3.1,5.0,3.1,github,Analyzed,2025-01-16
CVE-2024-55879,0.3,8.8,3.1,9.1,3.1,github,Analyzed,2024-12-12
CVE-2024-56515,0.3,6.5,3.1,6.8,3.1,github,Analyzed,2025-01-16
CVE-2024-6257,0.3,8.8,3.1,8.5,3.1,hashicorp,Analyzed,2024-06-25
CVE-2025-13780,0.3,8.8,3.1,9.1,3.1,f86ef6dc-4d3a-42ad-8f28-e6d5547a5007,Analyzed,2025-12-11
CVE-2025-14435,0.3,6.5,3.1,6.8,3.1,mattermost,Analyzed,2026-01-16
CVE-2025-30223,0.3,9.6,3.1,9.3,3.1,github,Analyzed,2025-03-31
CVE-2025-46730,0.3,6.5,3.1,6.8,3.1,github,Analyzed,2025-05-05
CVE-2025-65089,0.3,6.5,3.1,6.8,3.1,github,Analyzed,2025-11-19
CVE-2025-68944,0.3,5.3,3.1,5.0,3.1,mitre,Analyzed,2025-12-26
CVE-2026-25157,0.3,7.5,3.1,7.8,3.1,github,Analyzed,2026-02-04
CVE-2026-28343,0.3,6.1,3.1,6.4,3.1,github,Modified,2026-03-05
CVE-2026-31818,0.3,9.9,3.1,9.6,3.1,github,Analyzed,2026-04-03
CVE-2026-31862,0.3,8.8,3.1,9.1,3.1,github,Analyzed,2026-03-11
CVE-2026-33486,0.3,6.5,3.1,6.8,3.1,github,Analyzed,2026-03-26
CVE-2026-34747,0.3,8.2,3.1,8.5,3.1,github,Analyzed,2026-04-01
CVE-2026-39942,0.3,8.8,3.1,8.5,3.1,github,Analyzed,2026-04-09
CVE-2026-40154,0.3,9.6,3.1,9.3,3.1,github,Analyzed,2026-04-09
CVE-2022-29946,0.2,6.3,3.1,6.5,3.1,mitre,Deferred,2024-07-11
CVE-2023-25574,0.2,9.8,3.1,10.0,3.1,github,Analyzed,2025-02-25
CVE-2023-38693,0.2,9.8,3.1,10.0,3.1,github,Deferred,2025-03-05
CVE-2024-24759,0.2,9.1,3.1,9.3,3.1,github,Analyzed,2024-09-05
CVE-2024-27136,0.2,6.1,3.1,6.3,3.1,apache,Modified,2024-06-24
CVE-2024-34343,0.2,6.1,3.1,6.3,3.1,github,Analyzed,2024-08-05
CVE-2024-36112,0.2,6.5,3.1,6.3,3.1,github,Analyzed,2024-05-28
CVE-2024-38513,0.2,9.8,3.1,10.0,3.1,github,Analyzed,2024-07-01
CVE-2024-41109,0.2,6.5,3.1,6.3,3.1,github,Analyzed,2024-07-30
CVE-2024-41162,0.2,4.3,3.1,4.1,3.1,mattermost,Analyzed,2024-08-01
CVE-2024-41677,0.2,6.1,3.1,6.3,3.1,github,Analyzed,2024-08-06
CVE-2024-41955,0.2,5.4,3.1,5.2,3.1,github,Analyzed,2024-07-31
CVE-2024-42471,0.2,7.5,3.1,7.3,3.1,github,Modified,2024-09-02
CVE-2024-42640,0.2,9.8,3.1,10.0,3.1,mitre.org,Deferred,2024-10-11
CVE-2024-45290,0.2,7.5,3.1,7.7,3.1,github,Analyzed,2024-10-07
CVE-2024-45409,0.2,9.8,3.1,10.0,3.1,github,Modified,2024-09-10
CVE-2024-47066,0.2,8.8,3.1,9.0,3.1,github,Analyzed,2024-09-23
CVE-2024-47882,0.2,6.1,3.1,5.9,3.1,github,Analyzed,2024-10-24
CVE-2024-56731,0.2,9.8,3.1,10.0,3.1,github,Analyzed,2025-06-24
CVE-2024-6534,0.2,4.3,3.1,4.1,3.1,fluidattacks,Modified,2024-08-15
CVE-2025-1756,0.2,7.8,3.1,7.6,3.1,mongodb,Analyzed,2025-02-27
CVE-2025-32093,0.2,4.9,3.1,4.7,3.1,mattermost,Analyzed,2025-04-14
CVE-2025-32444,0.2,9.8,3.1,10.0,3.1,github,Analyzed,2025-04-30
CVE-2025-41115,0.2,9.8,3.1,10.0,3.1,grafana,Analyzed,2025-11-21
CVE-2025-46348,0.2,9.8,3.1,10.0,3.1,github,Analyzed,2025-04-29
CVE-2025-49141,0.2,8.8,3.1,8.6,3.1,github,Analyzed,2025-06-09
CVE-2025-54589,0.2,6.1,3.1,6.3,3.1,github,Analyzed,2025-07-31
CVE-2025-59340,0.2,10.0,3.1,9.8,3.1,github,Analyzed,2025-09-17
CVE-2025-64095,0.2,9.8,3.1,10.0,3.1,github,Analyzed,2025-10-28
CVE-2025-67743,0.2,6.5,3.1,6.3,3.1,github,Analyzed,2025-12-23
CVE-2025-68146,0.2,6.5,3.1,6.3,3.1,github,Analyzed,2025-12-16
CVE-2025-69262,0.2,7.8,3.1,7.6,3.1,github,Analyzed,2026-01-07
CVE-2026-22251,0.2,5.5,3.1,5.3,3.1,github,Analyzed,2026-01-12
CVE-2026-22709,0.2,10.0,3.1,9.8,3.1,github,Analyzed,2026-01-26
CVE-2026-24048,0.2,3.7,3.1,3.5,3.1,github,Analyzed,2026-01-21
CVE-2026-24843,0.2,8.4,3.1,8.2,3.1,github,Analyzed,2026-02-04
CVE-2026-25628,0.2,8.8,3.1,8.6,3.1,github,Analyzed,2026-02-06
CVE-2026-30860,0.2,9.8,3.1,10.0,3.1,github,Analyzed,2026-03-07
CVE-2026-31853,0.2,5.5,3.1,5.7,3.1,github,Analyzed,2026-03-11
CVE-2026-33054,0.2,9.8,3.1,10.0,3.1,github,Analyzed,2026-03-20
CVE-2016-15057,0.1,9.9,3.1,10.0,3.1,apache.org,Analyzed,2026-01-26
CVE-2023-32191,0.1,9.9,3.1,10.0,3.1,suse,Deferred,2024-10-16
CVE-2024-13484,0.1,8.2,3.1,8.3,3.1,redhat,Deferred,2025-01-28
CVE-2024-21513,0.1,8.5,3.1,8.6,3.1,snyk,Modified,2024-07-15
CVE-2024-22030,0.1,8.0,3.1,8.1,3.1,suse,Deferred,2024-10-16
CVE-2024-27758,0.1,8.4,3.1,8.5,3.1,mitre,Deferred,2024-03-12
CVE-2024-29188,0.1,7.9,3.1,7.8,3.1,github,Deferred,2024-03-24
CVE-2024-29800,0.1,8.0,3.1,8.1,3.1,patchstack,Deferred,2024-05-14
CVE-2024-31989,0.1,9.0,3.1,9.1,3.1,github,Analyzed,2024-05-21
CVE-2024-32971,0.1,9.0,3.1,9.1,3.1,github,Deferred,2024-05-02
CVE-2024-34001,0.1,8.4,3.1,8.5,3.1,puiterwijk,Analyzed,2024-05-31
CVE-2024-34066,0.1,8.4,3.1,8.5,3.1,github,Analyzed,2024-05-03
CVE-2024-34070,0.1,9.6,3.1,9.7,3.1,github,Deferred,2024-05-14
CVE-2024-34347,0.1,8.3,3.1,8.4,3.1,github,Deferred,2024-05-08
CVE-2024-34359,0.1,9.6,3.1,9.7,3.1,github,Deferred,2024-05-14
CVE-2024-3727,0.1,8.3,3.1,8.4,3.1,redhat,Deferred,2024-05-14
CVE-2024-37568,0.1,7.5,3.1,7.4,3.1,mitre,Modified,2024-06-09
CVE-2024-39401,0.1,8.4,3.1,8.5,3.1,adobe,Analyzed,2024-08-14
CVE-2024-39402,0.1,8.4,3.1,8.5,3.1,adobe,Analyzed,2024-08-14
CVE-2024-39930,0.1,9.9,3.1,10.0,3.1,mitre,Analyzed,2024-07-04
CVE-2024-39931,0.1,9.9,3.1,10.0,3.1,mitre,Analyzed,2024-07-04
CVE-2024-39932,0.1,9.9,3.1,10.0,3.1,mitre,Analyzed,2024-07-04
CVE-2024-41110,0.1,9.9,3.1,10.0,3.1,github,Deferred,2024-07-24
CVE-2024-43373,0.1,7.8,3.1,7.7,3.1,github,Analyzed,2024-08-15
CVE-2024-43383,0.1,8.1,3.1,8.0,3.1,apache,Analyzed,2024-10-31
CVE-2024-45244,0.1,5.3,3.1,5.4,3.1,mitre,Modified,2024-08-25
CVE-2024-45962,0.1,4.7,3.1,4.8,3.1,mitre,Analyzed,2024-10-02
CVE-2024-49375,0.1,9.0,3.1,9.1,3.1,github,Deferred,2025-01-14
CVE-2024-50702,0.1,5.3,3.1,5.4,3.1,mitre,Analyzed,2024-12-30
CVE-2024-53865,0.1,8.2,3.1,8.3,3.1,github,Deferred,2024-11-29
CVE-2024-54149,0.1,8.4,3.1,8.5,3.1,github,Analyzed,2024-12-09
CVE-2024-56373,0.1,8.4,3.1,8.5,3.1,apache,Analyzed,2026-02-24
CVE-2024-58267,0.1,8.0,3.1,8.1,3.1,suse,Deferred,2025-10-02
CVE-2024-6508,0.1,8.0,3.1,8.1,3.1,redhat,Deferred,2024-08-21
CVE-2025-10283,0.1,9.6,3.1,9.7,3.1,blacklanternsecurity,Deferred,2025-10-09
CVE-2025-10284,0.1,9.6,3.1,9.7,3.1,blacklanternsecurity,Deferred,2025-10-09
CVE-2025-12419,0.1,9.9,3.1,10.0,3.1,mattermost,Analyzed,2025-11-27
CVE-2025-12421,0.1,9.9,3.1,10.0,3.1,mattermost,Analyzed,2025-11-27
CVE-2025-12765,0.1,7.4,3.1,7.5,3.1,f86ef6dc-4d3a-42ad-8f28-e6d5547a5007,Analyzed,2025-11-13
CVE-2025-23266,0.1,9.0,3.1,9.1,3.1,nvidia,Deferred,2025-07-17
CVE-2025-27407,0.1,9.0,3.1,9.1,3.1,github,Deferred,2025-03-12
CVE-2025-27616,0.1,8.5,3.1,8.6,3.1,github,Deferred,2025-03-10
CVE-2025-29783,0.1,9.0,3.1,9.1,3.1,github,Analyzed,2025-03-19
CVE-2025-31119,0.1,7.6,3.1,7.7,3.1,github,Deferred,2025-04-03
CVE-2025-32445,0.1,9.9,3.1,10.0,3.1,github,Deferred,2025-04-15
CVE-2025-32973,0.1,9.0,3.1,9.1,3.1,github,Analyzed,2025-04-30
CVE-2025-32974,0.1,9.0,3.1,9.1,3.1,github,Analyzed,2025-04-30
CVE-2025-46558,0.1,9.0,3.1,9.1,3.1,github,Analyzed,2025-04-30
CVE-2025-48958,0.1,5.4,3.1,5.5,3.1,github,Analyzed,2025-06-02
CVE-2025-49653,0.1,8.0,3.1,8.1,3.1,6f8de1f0-f67e-45a6-b68f-98777fdb759c,Deferred,2025-06-09
CVE-2025-4981,0.1,9.9,3.1,10.0,3.1,mattermost,Analyzed,2025-06-20
CVE-2025-5120,0.1,10.0,3.1,9.9,3.1,huntr,Analyzed,2025-07-27
CVE-2025-52903,0.1,8.0,3.1,8.1,3.1,github,Analyzed,2025-06-26
CVE-2025-52904,0.1,8.0,3.1,8.1,3.1,github,Analyzed,2025-06-26
CVE-2025-53547,0.1,8.6,3.1,8.5,3.1,github,Analyzed,2025-07-08
CVE-2025-53835,0.1,9.0,3.1,9.1,3.1,github,Analyzed,2025-07-14
CVE-2025-54469,0.1,9.9,3.1,10.0,3.1,suse,Deferred,2025-10-30
CVE-2025-55073,0.1,5.3,3.1,5.4,3.1,mattermost,Analyzed,2025-11-14
CVE-2025-55190,0.1,9.9,3.1,10.0,3.1,github,Analyzed,2025-09-04
CVE-2025-55205,0.1,9.0,3.1,9.1,3.1,github,Deferred,2025-08-18
CVE-2025-55296,0.1,5.4,3.1,5.5,3.1,github,Analyzed,2025-08-18
CVE-2025-55754,0.1,9.6,3.1,9.7,3.1,apache,Analyzed,2025-10-27
CVE-2025-59159,0.1,9.6,3.1,9.7,3.1,github,Deferred,2025-10-06
CVE-2025-59545,0.1,9.0,3.1,9.1,3.1,github,Analyzed,2025-09-23
CVE-2025-6032,0.1,8.3,3.1,8.4,3.1,redhat,Deferred,2025-06-24
CVE-2025-61913,0.1,9.9,3.1,10.0,3.1,github,Analyzed,2025-10-08
CVE-2025-62398,0.1,5.4,3.1,5.3,3.1,puiterwijk,Analyzed,2025-10-23
CVE-2025-62878,0.1,9.9,3.1,10.0,3.1,suse,Deferred,2026-02-25
CVE-2025-65013,0.1,6.1,3.1,6.2,3.1,github,Analyzed,2025-11-18
CVE-2025-6514,0.1,9.6,3.1,9.7,3.1,jfrog,Deferred,2025-07-09
CVE-2025-67164,0.1,9.9,3.1,10.0,3.1,mitre,Analyzed,2025-12-17
CVE-2025-67511,0.1,9.6,3.1,9.7,3.1,github,Analyzed,2025-12-11
CVE-2026-1470,0.1,9.9,3.1,10.0,3.1,jfrog,Analyzed,2026-01-27
CVE-2026-21877,0.1,9.9,3.1,10.0,3.1,github,Analyzed,2026-01-08
CVE-2026-22039,0.1,9.9,3.1,10.0,3.1,github,Analyzed,2026-01-27
CVE-2026-23535,0.1,8.0,3.1,8.1,3.1,github,Analyzed,2026-01-16
CVE-2026-23989,0.1,8.1,3.1,8.2,3.1,github,Analyzed,2026-02-06
CVE-2026-25130,0.1,9.6,3.1,9.7,3.1,github,Deferred,2026-01-30
CVE-2026-25592,0.1,9.9,3.1,10.0,3.1,github,Deferred,2026-02-06
CVE-2026-25967,0.1,7.5,3.1,7.4,3.1,github,Analyzed,2026-02-24
CVE-2026-26030,0.1,9.9,3.1,10.0,3.1,github,Analyzed,2026-02-19
CVE-2026-27574,0.1,9.9,3.1,10.0,3.1,github,Analyzed,2026-02-21
CVE-2026-27591,0.1,9.9,3.1,10.0,3.1,github,Analyzed,2026-03-11
CVE-2026-27626,0.1,9.9,3.1,10.0,3.1,github,Analyzed,2026-02-25
CVE-2026-28792,0.1,9.6,3.1,9.7,3.1,github,Modified,2026-03-12
CVE-2026-30887,0.1,9.9,3.1,10.0,3.1,github,Analyzed,2026-03-10
CVE-2026-30921,0.1,9.9,3.1,10.0,3.1,github,Analyzed,2026-03-10
CVE-2026-30929,0.1,7.8,3.1,7.7,3.1,github,Analyzed,2026-03-10
CVE-2026-30956,0.1,9.9,3.1,10.0,3.1,github,Analyzed,2026-03-10
CVE-2026-30957,0.1,9.9,3.1,10.0,3.1,github,Analyzed,2026-03-10
CVE-2026-32306,0.1,9.9,3.1,10.0,3.1,github,Analyzed,2026-03-13
CVE-2026-32606,0.1,7.6,3.1,7.7,3.1,github,Awaiting Analysis,2026-03-18
CVE-2026-32731,0.1,9.9,3.1,10.0,3.1,github,Analyzed,2026-03-18
CVE-2026-33309,0.1,9.9,3.1,10.0,3.1,github,Analyzed,2026-03-24
CVE-2026-33682,0.1,4.8,3.1,4.7,3.1,github,Analyzed,2026-03-26
CVE-2026-33897,0.1,9.9,3.1,10.0,3.1,github,Analyzed,2026-03-26
CVE-2026-33941,0.1,8.2,3.1,8.3,3.1,github,Analyzed,2026-03-27
CVE-2026-34156,0.1,9.9,3.1,10.0,3.1,github,Analyzed,2026-03-31
CVE-2026-34448,0.1,9.0,3.1,9.1,3.1,github,Analyzed,2026-03-31
CVE-2026-34449,0.1,9.6,3.1,9.7,3.1,github,Analyzed,2026-03-31
CVE-2026-34557,0.1,9.0,3.1,9.1,3.1,github,Analyzed,2026-03-30
CVE-2026-34558,0.1,9.0,3.1,9.1,3.1,github,Analyzed,2026-03-30
CVE-2026-34559,0.1,9.0,3.1,9.1,3.1,github,Analyzed,2026-04-01
CVE-2026-34560,0.1,9.0,3.1,9.1,3.1,github,Analyzed,2026-04-01
CVE-2026-34563,0.1,9.0,3.1,9.1,3.1,github,Analyzed,2026-04-01
CVE-2026-34564,0.1,9.0,3.1,9.1,3.1,github,Analyzed,2026-04-01
CVE-2026-34565,0.1,9.0,3.1,9.1,3.1,github,Analyzed,2026-04-01
CVE-2026-34566,0.1,9.0,3.1,9.1,3.1,github,Analyzed,2026-04-01
CVE-2026-34567,0.1,9.0,3.1,9.1,3.1,github,Analyzed,2026-04-01
CVE-2026-34568,0.1,9.0,3.1,9.1,3.1,github,Analyzed,2026-04-01
CVE-2026-34725,0.1,8.2,3.1,8.3,3.1,github,Awaiting Analysis,2026-04-02
CVE-2026-34940,0.1,8.8,3.1,8.7,3.1,github,Modified,2026-04-06
CVE-2026-35216,0.1,9.0,3.1,9.1,3.1,github,Analyzed,2026-04-03
CVE-2026-39842,0.1,9.9,3.1,10.0,3.1,github,Received,2026-04-15
CVE-2026-39846,0.1,9.0,3.1,9.1,3.1,github,Undergoing Analysis,2026-04-07
CVE-2026-39888,0.1,9.9,3.1,10.0,3.1,github,Analyzed,2026-04-08
CVE-2026-40088,0.1,9.6,3.1,9.7,3.1,github,Undergoing Analysis,2026-04-09
CVE-2026-4740,0.1,8.2,3.1,8.3,3.1,redhat,Awaiting Analysis,2026-04-07
CVE-2026-5412,0.1,9.9,3.1,10.0,3.1,ubuntu,Awaiting Analysis,2026-04-10
